,x
1,460905
2,447369
3,193767
4,558211
5,193776
6,447388
7,94843
8,194002
9,94876
10,58527
11,194077
12,194206
13,194207
14,460981
15,194234
16,94977
17,194259
18,431797
19,431800
20,460991
21,194329
22,447475
23,194364
24,194378
25,194392
26,420248
27,194503
28,194523
29,194541
30,95131
31,95135
32,194559
33,194585
34,194603
35,194640
36,194671
37,194746
38,194767
39,194791
40,425800
41,447585
42,194826
43,462021
44,448701
45,448718
46,199429
47,448733
48,199511
49,97481
50,199525
51,199538
52,199589
53,462097
54,433336
55,97616
56,199805
57,43605
58,360667
59,222012
60,360691
61,439441
62,222091
63,428696
64,439475
65,417285
66,222174
67,59279
68,108250
69,439477
70,439478
71,41396
72,439479
73,222192
74,312754
75,439480
76,69517
77,454103
78,108266
79,222218
80,222225
81,108272
82,222233
83,222234
84,466407
85,108276
86,454109
87,222247
88,222248
89,360776
90,454112
91,222253
92,454114
93,417293
94,422900
95,222266
96,222267
97,108292
98,222272
99,466417
100,454120
101,108295
102,360789
103,439509
104,222283
105,108303
106,222319
107,360815
108,439523
109,446741
110,251033
111,222390
112,222458
113,360896
114,439581
115,222505
116,222512
117,360925
118,471816
119,251085
120,125530
121,422938
122,222665
123,108503
124,632068
125,454253
126,417368
127,222838
128,454278
129,222899
130,222911
131,446779
132,446787
133,77679
134,222928
135,414003
136,466578
137,466584
138,108677
139,522907
140,251333
141,454343
142,108711
143,223134
144,223135
145,223140
146,69852
147,312920
148,417423
149,223147
150,108724
151,223181
152,466615
153,439779
154,108768
155,251365
156,454384
157,108791
158,223324
159,69924
160,454389
161,439818
162,361255
163,108849
164,454415
165,108857
166,466663
167,448803
168,351383
169,462143
170,97718
171,448868
172,200104
173,462184
174,351482
175,200140
176,200154
177,448909
178,433474
179,309174
180,200297
181,351559
182,433495
183,200323
184,200328
185,448933
186,454428
187,454431
188,54691
189,631889
190,439880
191,108941
192,223651
193,361363
194,417468
195,223661
196,223662
197,223664
198,108949
199,108950
200,69975
201,223677
202,47312
203,454467
204,108963
205,223738
206,109000
207,70025
208,417487
209,454484
210,417491
211,454486
212,454487
213,466716
214,223796
215,454491
216,47954
217,70033
218,251486
219,460413
220,446853
221,423073
222,361495
223,317517
224,446871
225,223978
226,224003
227,466755
228,466757
229,122142
230,224222
231,122165
232,251712
233,122188
234,122203
235,466815
236,122210
237,42019
238,440113
239,109378
240,361748
241,440159
242,122256
243,351578
244,200360
245,200470
246,97974
247,98020
248,449012
249,200648
250,449017
251,420848
252,454728
253,224916
254,224935
255,224946
256,224974
257,466965
258,466966
259,466980
260,251960
261,122318
262,471492
263,225159
264,225160
265,225232
266,225269
267,252031
268,122361
269,252048
270,467017
271,47046
272,252100
273,225473
274,109840
275,225553
276,225626
277,109892
278,109901
279,362191
280,225692
281,454930
282,109913
283,70568
284,454935
285,109943
286,225859
287,225862
288,362262
289,225870
290,252231
291,252260
292,110008
293,226021
294,454995
295,252292
296,98118
297,449069
298,200849
299,462330
300,200896
301,200939
302,449089
303,98188
304,201010
305,201024
306,462359
307,201091
308,449114
309,201100
310,98252
311,449122
312,433731
313,201307
314,110098
315,110112
316,110123
317,440520
318,440538
319,440539
320,51967
321,252362
322,110233
323,455093
324,122538
325,110328
326,226640
327,226648
328,122557
329,226709
330,440689
331,252428
332,110478
333,110479
334,53703
335,226938
336,252465
337,227000
338,110524
339,455216
340,110552
341,440830
342,467324
343,423385
344,110596
345,110608
346,440863
347,110687
348,110688
349,467381
350,455306
351,71084
352,227450
353,455316
354,440938
355,440940
356,440941
357,440947
358,467394
359,227462
360,227463
361,440950
362,423428
363,227468
364,440955
365,227474
366,110761
367,227478
368,440958
369,227482
370,440960
371,558209
372,313654
373,98349
374,98384
375,449182
376,462437
377,201560
378,449231
379,462457
380,201654
381,433854
382,449248
383,98527
384,98528
385,201674
386,98532
387,98533
388,201677
389,433869
390,557984
391,462475
392,433885
393,98560
394,201725
395,433897
396,98575
397,110781
398,110785
399,467421
400,227656
401,467431
402,227706
403,441009
404,363099
405,227759
406,373337
407,467451
408,227867
409,252696
410,227936
411,227994
412,228000
413,455447
414,228125
415,111072
416,363297
417,363321
418,363324
419,228248
420,52859
421,467542
422,111127
423,111129
424,467547
425,111137
426,111138
427,228303
428,111143
429,455517
430,455521
431,252787
432,111163
433,363369
434,228381
435,228406
436,363417
437,252861
438,111234
439,111237
440,228523
441,228568
442,228570
443,58975
444,467601
445,252871
446,111272
447,467610
448,201779
449,201788
450,63311
451,201984
452,352279
453,202042
454,202045
455,55395
456,462563
457,352297
458,202055
459,202056
460,202057
461,98713
462,202059
463,63309
464,352298
465,202064
466,462566
467,462567
468,202074
469,462569
470,202082
471,63257
472,63314
473,415154
474,202104
475,420962
476,449345
477,202111
478,98742
479,202113
480,98744
481,59784
482,449346
483,98747
484,63258
485,363565
486,111348
487,228762
488,228764
489,41925
490,111356
491,631935
492,363570
493,228782
494,228784
495,111367
496,228791
497,111371
498,228799
499,71449
500,228801
501,363571
502,228803
503,111377
504,111379
505,111381
506,441330
507,228819
508,429362
509,228822
510,441353
511,252958
512,373404
513,228977
514,111458
515,423574
516,229033
517,229053
518,229110
519,229152
520,455708
521,229266
522,429434
523,467730
524,418014
525,363818
526,229417
527,313970
528,111712
529,467765
530,313977
531,455768
532,229544
533,229551
534,455791
535,229676
536,111806
537,253136
538,455816
539,111823
540,467802
541,364000
542,253153
543,122893
544,111887
545,111908
546,364065
547,111909
548,111910
549,98777
550,98779
551,98810
552,462600
553,352369
554,98873
555,202403
556,98882
557,202442
558,202460
559,98917
560,98960
561,364102
562,467857
563,455896
564,230217
565,230218
566,230260
567,78111
568,230341
569,467905
570,112137
571,455963
572,230466
573,455996
574,230563
575,230639
576,112266
577,230712
578,460661
579,253335
580,230770
581,230790
582,230824
583,50076
584,230890
585,230975
586,231037
587,456123
588,112448
589,460672
590,99017
591,462691
592,413787
593,434212
594,434223
595,449530
596,434224
597,202759
598,202791
599,462761
600,462765
601,462771
602,462772
603,99191
604,447122
605,373522
606,373523
607,447124
608,442059
609,456179
610,112558
611,231361
612,442087
613,373534
614,468124
615,231494
616,364831
617,112733
618,231788
619,231933
620,442238
621,231940
622,442241
623,468207
624,231980
625,232052
626,112905
627,468228
628,112908
629,72414
630,456362
631,232076
632,232104
633,112934
634,112945
635,112961
636,468248
637,442315
638,232231
639,123092
640,253606
641,202967
642,63754
643,63623
644,55357
645,63753
646,203117
647,203129
648,63749
649,203209
650,203289
651,434428
652,434435
653,203346
654,314459
655,232363
656,232395
657,113071
658,253639
659,365242
660,442456
661,442458
662,468343
663,456534
664,232826
665,232837
666,232850
667,442524
668,113318
669,232996
670,468412
671,233026
672,55438
673,233049
674,113376
675,113377
676,442574
677,253772
678,233158
679,253776
680,462882
681,462891
682,41514
683,434484
684,462903
685,426762
686,462907
687,99487
688,63835
689,203522
690,203536
691,99606
692,99609
693,203661
694,233265
695,456669
696,365614
697,113513
698,456684
699,113541
700,460699
701,113553
702,233542
703,233657
704,113643
705,233701
706,233729
707,233730
708,442728
709,113675
710,442730
711,558383
712,113680
713,253914
714,442741
715,233772
716,468537
717,233810
718,233823
719,113726
720,113738
721,442764
722,233967
723,365886
724,424058
725,203689
726,421172
727,99664
728,203893
729,64017
730,203922
731,203957
732,353287
733,463031
734,449891
735,353311
736,426843
737,449901
738,463052
739,434717
740,99823
741,456831
742,365960
743,123255
744,113911
745,234400
746,456895
747,234566
748,234580
749,234588
750,114060
751,442908
752,456932
753,418536
754,123290
755,442926
756,114102
757,114109
758,234696
759,114115
760,234781
761,114156
762,204212
763,99883
764,426881
765,99894
766,449972
767,353414
768,434769
769,99950
770,204355
771,204365
772,434800
773,204384
774,450016
775,204424
776,204434
777,99993
778,204441
779,204443
780,353495
781,463135
782,450022
783,100004
784,413815
785,42351
786,204471
787,204480
788,434827
789,204493
790,64224
791,463142
792,426917
793,463144
794,309909
795,58004
796,450031
797,450032
798,450035
799,234881
800,460714
801,114270
802,442986
803,558042
804,457010
805,235047
806,235048
807,442999
808,443002
809,73160
810,443003
811,443014
812,443019
813,235093
814,73174
815,468747
816,443025
817,418599
818,443029
819,235119
820,235123
821,114325
822,73180
823,114327
824,317792
825,443060
826,204548
827,204549
828,64305
829,204645
830,204794
831,204888
832,235470
833,235900
834,443222
835,457202
836,415574
837,100277
838,100287
839,100297
840,450178
841,310012
842,100360
843,205252
844,205253
845,443269
846,366747
847,236144
848,236246
849,366796
850,236344
851,55835
852,236472
853,236474
854,236515
855,457314
856,254423
857,114995
858,236588
859,468977
860,457323
861,468985
862,254438
863,205325
864,450255
865,205379
866,205390
867,435048
868,205393
869,205394
870,353871
871,463324
872,463325
873,64566
874,205413
875,205414
876,205428
877,353880
878,450269
879,205433
880,205434
881,205436
882,205443
883,64505
884,205445
885,463335
886,100487
887,55070
888,205453
889,205456
890,100491
891,310078
892,427005
893,205469
894,205470
895,100530
896,463348
897,55989
898,450295
899,100536
900,100538
901,205555
902,463352
903,435081
904,100548
905,205572
906,205573
907,450300
908,205620
909,435108
910,100604
911,427030
912,435115
913,435118
914,463377
915,354001
916,469000
917,457347
918,457349
919,236752
920,457350
921,115078
922,115083
923,457355
924,469008
925,115086
926,366983
927,558154
928,366984
929,236785
930,236787
931,443432
932,236792
933,115090
934,457359
935,236798
936,443440
937,236803
938,469014
939,457374
940,457375
941,457382
942,236911
943,236914
944,73631
945,236965
946,236976
947,367067
948,73655
949,237093
950,457455
951,237240
952,237243
953,457456
954,237246
955,115294
956,237248
957,469085
958,237259
959,315231
960,115308
961,237274
962,43826
963,457461
964,237278
965,457462
966,367173
967,237284
968,237285
969,115317
970,469091
971,115320
972,457464
973,237294
974,469093
975,237299
976,367195
977,115340
978,205752
979,205770
980,100656
981,205807
982,205810
983,205935
984,64743
985,100757
986,100764
987,206058
988,206074
989,457483
990,457507
991,457510
992,443582
993,237508
994,418804
995,237673
996,115493
997,237699
998,237703
999,237792
1000,237800
1001,237821
1002,237827
1003,237837
1004,237839
1005,469192
1006,73936
1007,457586
1008,457589
1009,237857
1010,457590
1011,469199
1012,450436
1013,100850
1014,427076
1015,310203
1016,206301
1017,421417
1018,206303
1019,354267
1020,206331
1021,238079
1022,238086
1023,238137
1024,238210
1025,315400
1026,74083
1027,206515
1028,100994
1029,427107
1030,435408
1031,435417
1032,206719
1033,421474
1034,206817
1035,206823
1036,469324
1037,238541
1038,469333
1039,238582
1040,443869
1041,115948
1042,443881
1043,631972
1044,457775
1045,457776
1046,367759
1047,522033
1048,238800
1049,238801
1050,469368
1051,238814
1052,238830
1053,238832
1054,238842
1055,457825
1056,116072
1057,206876
1058,206882
1059,450620
1060,435491
1061,435496
1062,427164
1063,101254
1064,207191
1065,101283
1066,64981
1067,450686
1068,469407
1069,239117
1070,116213
1071,254895
1072,457927
1073,116295
1074,116328
1075,74353
1076,458005
1077,239705
1078,239707
1079,116502
1080,368192
1081,632232
1082,123713
1083,116543
1084,458080
1085,239898
1086,239923
1087,116569
1088,431981
1089,194955
1090,95333
1091,61298
1092,349458
1093,195043
1094,95378
1095,631879
1096,195121
1097,349523
1098,95441
1099,195300
1100,195330
1101,432080
1102,461181
1103,349606
1104,461189
1105,195453
1106,61414
1107,447755
1108,195465
1109,349621
1110,447762
1111,432136
1112,195575
1113,447795
1114,61275
1115,461229
1116,447832
1117,195723
1118,195762
1119,432195
1120,95743
1121,195816
1122,469592
1123,116611
1124,116638
1125,240101
1126,458122
1127,116652
1128,240136
1129,116672
1130,116687
1131,469619
1132,240308
1133,419034
1134,444279
1135,116743
1136,419045
1137,424606
1138,116824
1139,101315
1140,354677
1141,207319
1142,65168
1143,435596
1144,65184
1145,463681
1146,435603
1147,207392
1148,207443
1149,427188
1150,207461
1151,463702
1152,101419
1153,101420
1154,450751
1155,207472
1156,450752
1157,450753
1158,56363
1159,65124
1160,450754
1161,207478
1162,207479
1163,463707
1164,463708
1165,207491
1166,207492
1167,450762
1168,354761
1169,207527
1170,450765
1171,207530
1172,310412
1173,116858
1174,444342
1175,116937
1176,469719
1177,240781
1178,458278
1179,444379
1180,458280
1181,240796
1182,469732
1183,631892
1184,240834
1185,469742
1186,240876
1187,240879
1188,240920
1189,463726
1190,207566
1191,435655
1192,207625
1193,354820
1194,450805
1195,207766
1196,101573
1197,65190
1198,368640
1199,315812
1200,240955
1201,255222
1202,447232
1203,469784
1204,241074
1205,241099
1206,241189
1207,241201
1208,117193
1209,469811
1210,241292
1211,117223
1212,123835
1213,241327
1214,368802
1215,117244
1216,458398
1217,241371
1218,241372
1219,469832
1220,117269
1221,241506
1222,241529
1223,241612
1224,368933
1225,255370
1226,123869
1227,255386
1228,207893
1229,435741
1230,207976
1231,65319
1232,207994
1233,101738
1234,463837
1235,450903
1236,208190
1237,458475
1238,241739
1239,79717
1240,368993
1241,241769
1242,241774
1243,117465
1244,241835
1245,75162
1246,117547
1247,469945
1248,558044
1249,101784
1250,208320
1251,355065
1252,208402
1253,450960
1254,208422
1255,242059
1256,458584
1257,117663
1258,469992
1259,242353
1260,117742
1261,101938
1262,101939
1263,435908
1264,208671
1265,435924
1266,435925
1267,208747
1268,435978
1269,208903
1270,117769
1271,242511
1272,75379
1273,242624
1274,117864
1275,50912
1276,458688
1277,117918
1278,117928
1279,444869
1280,242810
1281,458706
1282,242812
1283,463997
1284,355371
1285,208984
1286,436042
1287,208989
1288,208990
1289,208991
1290,208992
1291,464003
1292,464004
1293,355364
1294,209035
1295,415924
1296,436057
1297,436058
1298,464017
1299,65576
1300,65618
1301,209080
1302,451139
1303,436089
1304,209153
1305,209163
1306,451167
1307,451168
1308,355456
1309,436097
1310,451175
1311,242839
1312,444882
1313,242846
1314,369507
1315,242945
1316,118044
1317,470135
1318,430761
1319,243253
1320,444998
1321,118166
1322,243314
1323,243359
1324,445028
1325,243453
1326,118256
1327,436118
1328,102271
1329,209326
1330,436135
1331,209374
1332,451216
1333,464098
1334,209502
1335,369760
1336,75635
1337,445089
1338,458886
1339,243637
1340,118358
1341,631939
1342,243656
1343,470219
1344,118365
1345,243698
1346,470224
1347,243717
1348,445142
1349,458920
1350,447879
1351,461267
1352,432223
1353,61636
1354,195960
1355,447898
1356,432238
1357,95820
1358,95823
1359,461289
1360,461290
1361,196023
1362,196026
1363,349801
1364,196061
1365,196071
1366,196085
1367,461310
1368,432258
1369,196105
1370,196106
1371,432259
1372,349830
1373,432263
1374,196110
1375,45174
1376,447930
1377,196133
1378,48859
1379,432271
1380,461330
1381,196181
1382,632054
1383,196195
1384,461333
1385,461334
1386,432277
1387,447945
1388,196213
1389,196221
1390,432280
1391,461339
1392,420385
1393,196227
1394,461341
1395,95940
1396,95941
1397,432282
1398,61649
1399,349862
1400,432288
1401,447955
1402,432290
1403,95950
1404,432295
1405,447960
1406,447962
1407,349880
1408,432301
1409,432303
1410,196278
1411,461359
1412,447970
1413,95967
1414,196298
1415,196299
1416,308518
1417,461362
1418,461363
1419,196313
1420,95998
1421,196356
1422,432332
1423,96000
1424,447983
1425,447984
1426,308528
1427,196369
1428,196370
1429,447986
1430,447989
1431,196411
1432,349937
1433,196417
1434,196418
1435,448004
1436,96041
1437,448007
1438,448008
1439,448009
1440,461401
1441,196463
1442,196464
1443,349963
1444,196475
1445,196476
1446,96053
1447,196499
1448,196507
1449,196510
1450,196516
1451,349986
1452,632044
1453,448023
1454,461415
1455,349990
1456,432385
1457,349998
1458,196548
1459,61491
1460,196576
1461,61679
1462,420425
1463,196593
1464,432397
1465,61494
1466,420427
1467,350019
1468,631970
1469,461445
1470,61710
1471,420435
1472,52051
1473,96198
1474,448079
1475,451307
1476,436269
1477,209721
1478,102464
1479,427427
1480,60131
1481,355736
1482,209753
1483,102478
1484,464146
1485,436308
1486,102508
1487,209810
1488,451329
1489,59827
1490,451333
1491,102516
1492,209830
1493,209831
1494,451334
1495,451338
1496,436328
1497,209862
1498,436335
1499,102546
1500,436340
1501,436342
1502,209907
1503,451351
1504,209909
1505,53974
1506,458940
1507,243885
1508,445176
1509,255900
1510,243977
1511,558173
1512,458976
1513,470304
1514,244266
1515,244268
1516,244275
1517,244280
1518,244295
1519,244296
1520,118705
1521,244459
1522,244515
1523,118788
1524,118793
1525,445311
1526,370161
1527,244594
1528,244650
1529,118827
1530,118830
1531,445316
1532,436450
1533,210289
1534,102783
1535,210446
1536,244855
1537,445376
1538,244987
1539,370339
1540,459158
1541,316491
1542,445432
1543,119062
1544,464301
1545,436522
1546,66183
1547,210610
1548,451516
1549,102910
1550,210690
1551,66197
1552,451539
1553,356164
1554,459189
1555,245299
1556,425038
1557,102995
1558,102996
1559,451576
1560,436648
1561,103101
1562,245421
1563,245434
1564,245510
1565,76167
1566,470512
1567,103136
1568,451652
1569,464423
1570,211186
1571,436719
1572,245694
1573,245743
1574,245746
1575,245788
1576,245804
1577,119357
1578,119374
1579,370667
1580,211505
1581,66449
1582,66373
1583,436821
1584,464495
1585,211623
1586,256468
1587,370788
1588,425110
1589,246170
1590,459406
1591,246199
1592,459412
1593,459414
1594,246258
1595,196825
1596,196852
1597,196982
1598,196983
1599,197054
1600,197126
1601,96351
1602,432555
1603,197138
1604,426015
1605,96355
1606,448163
1607,350240
1608,197156
1609,96362
1610,350242
1611,350249
1612,461557
1613,197182
1614,96376
1615,197185
1616,448169
1617,96386
1618,197215
1619,414632
1620,55855
1621,432610
1622,448202
1623,432637
1624,197369
1625,432690
1626,197434
1627,96523
1628,197472
1629,420527
1630,461647
1631,197506
1632,197508
1633,432738
1634,197569
1635,51911
1636,96582
1637,197591
1638,448297
1639,432779
1640,436840
1641,211802
1642,632099
1643,356657
1644,246267
1645,521928
1646,445719
1647,103556
1648,66604
1649,436986
1650,419645
1651,422007
1652,51150
1653,212281
1654,437019
1655,464624
1656,212309
1657,212318
1658,212319
1659,212327
1660,464628
1661,212369
1662,451916
1663,451917
1664,212478
1665,103747
1666,246676
1667,124428
1668,459528
1669,212574
1670,103806
1671,451962
1672,437101
1673,212609
1674,212610
1675,103815
1676,58889
1677,212626
1678,451978
1679,212654
1680,427789
1681,451981
1682,451982
1683,212663
1684,451984
1685,437118
1686,451985
1687,451987
1688,356991
1689,212678
1690,212679
1691,356998
1692,212681
1693,212686
1694,437123
1695,464698
1696,437125
1697,437127
1698,103867
1699,212707
1700,437131
1701,451995
1702,451999
1703,212743
1704,103884
1705,422058
1706,470727
1707,459558
1708,470734
1709,246966
1710,256883
1711,119894
1712,119917
1713,459590
1714,437150
1715,212830
1716,464740
1717,437197
1718,247160
1719,247204
1720,213006
1721,213013
1722,104009
1723,464769
1724,431153
1725,120029
1726,48648
1727,213335
1728,213345
1729,104137
1730,464823
1731,104170
1732,213425
1733,213472
1734,357329
1735,76689
1736,247416
1737,76702
1738,104209
1739,104211
1740,213528
1741,104215
1742,104227
1743,452198
1744,67124
1745,437349
1746,464856
1747,213644
1748,213646
1749,464857
1750,213651
1751,104274
1752,213655
1753,213663
1754,437363
1755,452212
1756,104285
1757,213677
1758,437368
1759,213680
1760,452214
1761,213684
1762,464866
1763,437372
1764,357418
1765,422145
1766,464869
1767,464870
1768,213710
1769,104301
1770,464871
1771,427913
1772,213721
1773,104304
1774,213724
1775,357429
1776,416502
1777,213732
1778,104314
1779,67092
1780,213749
1781,422149
1782,437392
1783,213759
1784,437398
1785,446001
1786,120181
1787,437402
1788,452240
1789,213790
1790,104340
1791,104345
1792,213812
1793,357467
1794,67175
1795,213822
1796,464892
1797,213826
1798,357469
1799,464895
1800,213837
1801,213841
1802,213842
1803,213843
1804,213844
1805,67186
1806,427944
1807,213863
1808,437419
1809,67245
1810,213868
1811,213869
1812,452258
1813,464903
1814,213878
1815,437424
1816,104391
1817,464906
1818,213895
1819,104396
1820,104397
1821,357487
1822,213905
1823,213906
1824,213927
1825,437430
1826,104415
1827,54868
1828,213945
1829,437431
1830,452272
1831,213954
1832,311470
1833,41159
1834,44733
1835,464916
1836,437434
1837,437436
1838,452284
1839,446020
1840,247655
1841,247656
1842,247689
1843,104476
1844,214067
1845,214068
1846,214086
1847,437462
1848,214095
1849,437467
1850,437489
1851,632047
1852,452335
1853,214235
1854,214273
1855,214290
1856,104580
1857,464982
1858,120287
1859,51701
1860,214436
1861,357748
1862,632088
1863,56270
1864,247902
1865,459770
1866,357793
1867,214667
1868,465073
1869,465087
1870,257464
1871,104854
1872,214879
1873,437675
1874,214931
1875,214982
1876,215058
1877,104930
1878,470932
1879,120427
1880,215075
1881,215076
1882,215232
1883,465161
1884,215234
1885,437764
1886,215289
1887,248180
1888,248242
1889,465182
1890,67580
1891,437772
1892,358059
1893,215327
1894,105053
1895,452599
1896,452601
1897,311691
1898,452602
1899,215347
1900,437795
1901,452604
1902,465191
1903,465193
1904,452613
1905,215481
1906,105154
1907,437847
1908,446177
1909,215572
1910,465229
1911,67686
1912,105179
1913,452668
1914,452670
1915,215681
1916,215766
1917,52144
1918,358226
1919,215787
1920,248363
1921,248390
1922,248396
1923,215842
1924,358281
1925,105335
1926,465288
1927,216005
1928,216028
1929,248526
1930,358320
1931,43546
1932,452764
1933,216116
1934,452770
1935,105407
1936,465321
1937,105409
1938,452772
1939,437981
1940,105413
1941,465324
1942,216151
1943,216152
1944,452776
1945,248597
1946,77036
1947,248617
1948,120691
1949,459895
1950,105494
1951,59601
1952,67918
1953,452817
1954,216408
1955,465372
1956,105567
1957,465386
1958,471016
1959,248696
1960,461703
1961,448328
1962,197740
1963,197741
1964,461715
1965,448337
1966,197785
1967,461722
1968,631867
1969,41038
1970,448344
1971,448353
1972,197820
1973,197821
1974,197822
1975,96696
1976,448355
1977,58336
1978,461736
1979,197835
1980,197840
1981,432843
1982,42691
1983,96711
1984,350596
1985,448361
1986,432851
1987,461741
1988,197872
1989,197873
1990,197879
1991,96724
1992,350606
1993,432859
1994,461747
1995,96731
1996,197899
1997,197900
1998,96733
1999,197905
2000,197906
2001,461749
2002,448373
2003,197915
2004,96740
2005,432864
2006,461752
2007,197925
2008,448376
2009,197928
2010,448377
2011,96747
2012,197939
2013,197941
2014,448382
2015,197950
2016,197951
2017,197952
2018,197957
2019,58282
2020,432880
2021,432883
2022,54282
2023,461763
2024,461764
2025,432885
2026,432887
2027,197976
2028,308811
2029,197980
2030,96767
2031,448391
2032,350646
2033,59426
2034,432889
2035,96772
2036,96773
2037,197994
2038,96775
2039,197998
2040,197999
2041,198004
2042,96780
2043,198006
2044,448394
2045,198014
2046,198017
2047,558314
2048,198025
2049,432893
2050,96790
2051,350660
2052,198031
2053,198033
2054,350663
2055,62094
2056,448399
2057,198043
2058,62011
2059,448401
2060,448402
2061,432900
2062,461783
2063,52776
2064,426133
2065,448407
2066,432901
2067,522049
2068,448412
2069,432905
2070,432907
2071,198099
2072,432908
2073,461796
2074,198111
2075,198112
2076,52656
2077,448418
2078,420596
2079,448420
2080,198134
2081,432921
2082,448423
2083,198142
2084,198143
2085,198144
2086,62046
2087,448425
2088,96852
2089,448426
2090,461805
2091,198171
2092,198173
2093,62014
2094,198178
2095,432924
2096,432925
2097,96865
2098,198189
2099,198190
2100,414756
2101,448436
2102,198201
2103,198206
2104,632072
2105,198218
2106,448439
2107,96880
2108,96881
2109,198231
2110,198232
2111,96884
2112,350717
2113,558153
2114,350719
2115,216661
2116,358547
2117,358574
2118,216732
2119,465445
2120,452934
2121,216840
2122,452945
2123,452947
2124,465463
2125,105753
2126,216877
2127,105756
2128,216881
2129,67997
2130,55159
2131,358643
2132,438175
2133,105762
2134,438180
2135,452958
2136,48639
2137,216905
2138,216909
2139,51703
2140,105775
2141,105776
2142,216921
2143,105777
2144,311921
2145,216933
2146,216935
2147,216938
2148,216941
2149,105788
2150,416776
2151,358662
2152,216947
2153,438194
2154,105794
2155,416786
2156,105797
2157,216961
2158,216963
2159,216964
2160,452970
2161,68020
2162,216968
2163,216975
2164,216976
2165,216979
2166,428205
2167,216982
2168,438199
2169,216984
2170,216985
2171,216987
2172,120796
2173,248875
2174,248910
2175,248918
2176,120833
2177,217008
2178,438210
2179,217035
2180,105845
2181,217051
2182,217052
2183,217054
2184,47307
2185,57768
2186,217060
2187,105852
2188,416800
2189,438229
2190,358739
2191,358741
2192,217074
2193,217082
2194,217085
2195,217091
2196,358744
2197,452992
2198,358752
2199,428226
2200,217142
2201,105888
2202,453001
2203,217162
2204,217163
2205,105898
2206,60225
2207,248948
2208,371900
2209,120850
2210,465509
2211,68133
2212,217219
2213,453015
2214,453016
2215,105977
2216,106008
2217,120876
2218,249046
2219,49584
2220,471081
2221,422484
2222,453108
2223,453109
2224,453130
2225,68255
2226,453141
2227,438356
2228,358941
2229,249120
2230,371985
2231,459992
2232,249149
2233,43620
2234,217649
2235,106155
2236,217668
2237,47635
2238,453190
2239,68311
2240,106240
2241,217892
2242,217946
2243,217957
2244,249291
2245,249315
2246,249317
2247,121055
2248,249421
2249,372103
2250,106373
2251,106382
2252,218134
2253,52429
2254,438483
2255,218200
2256,631899
2257,359184
2258,106478
2259,372110
2260,249478
2261,106499
2262,55089
2263,106529
2264,218441
2265,218474
2266,438570
2267,218501
2268,56174
2269,106560
2270,249581
2271,198292
2272,44743
2273,461826
2274,198295
2275,448455
2276,198321
2277,198415
2278,414778
2279,96990
2280,461868
2281,97003
2282,198606
2283,198672
2284,198709
2285,448565
2286,198748
2287,198780
2288,218580
2289,106600
2290,438643
2291,106684
2292,218815
2293,218837
2294,218860
2295,106716
2296,428400
2297,438657
2298,218935
2299,121189
2300,249708
2301,219047
2302,465854
2303,106804
2304,219116
2305,258905
2306,121299
2307,219224
2308,453481
2309,121308
2310,438759
2311,106963
2312,219475
2313,219520
2314,250066
2315,121387
2316,250081
2317,219566
2318,438808
2319,107040
2320,107041
2321,107052
2322,359713
2323,219605
2324,107073
2325,465958
2326,219647
2327,471229
2328,453596
2329,453598
2330,107175
2331,453607
2332,453608
2333,219862
2334,422697
2335,453612
2336,219870
2337,438894
2338,438897
2339,453616
2340,438902
2341,438904
2342,219897
2343,219900
2344,438907
2345,219907
2346,219908
2347,219913
2348,219914
2349,466014
2350,68889
2351,453629
2352,219927
2353,438923
2354,219951
2355,250172
2356,460181
2357,471240
2358,422706
2359,312411
2360,107245
2361,220023
2362,68953
2363,220069
2364,107291
2365,438972
2366,372445
2367,198838
2368,198851
2369,198900
2370,198901
2371,97197
2372,198917
2373,433117
2374,448603
2375,461965
2376,448641
2377,97291
2378,433188
2379,199126
2380,199139
2381,461998
2382,97327
2383,199199
2384,199202
2385,448666
2386,220219
2387,439006
2388,250310
2389,460216
2390,460218
2391,250407
2392,107528
2393,453778
2394,558171
2395,220753
2396,107586
2397,220772
2398,220773
2399,107610
2400,107624
2401,220855
2402,466162
2403,453822
2404,250471
2405,220923
2406,453832
2407,220947
2408,220994
2409,453848
2410,107693
2411,221039
2412,221054
2413,221100
2414,453869
2415,446660
2416,221104
2417,107737
2418,460267
2419,221430
2420,471310
2421,69253
2422,428642
2423,107936
2424,107969
2425,372643
2426,250754
2427,121722
2428,221606
2429,439324
2430,428651
2431,44278
2432,221637
2433,221638
2434,360512
2435,466309
2436,221645
2437,439327
2438,108000
2439,453996
2440,439332
2441,631893
2442,221658
2443,53075
2444,108007
2445,466318
2446,108024
2447,466319
2448,54168
2449,69373
2450,466320
2451,439357
2452,69315
2453,557495
2454,454011
2455,360557
2456,360563
2457,221729
2458,69322
2459,221734
2460,466323
2461,108042
2462,108043
2463,439359
2464,221746
2465,108048
2466,221748
2467,108051
2468,312679
2469,521925
2470,466328
2471,221759
2472,108057
2473,360572
2474,439366
2475,439369
2476,422850
2477,108063
2478,69310
2479,439380
2480,108145
2481,69416
2482,431656
2483,94749
2484,193762
2485,460918
2486,193814
2487,94790
2488,193867
2489,193872
2490,193880
2491,193893
2492,431699
2493,193905
2494,193909
2495,193956
2496,94895
2497,194121
2498,95011
2499,61074
2500,95019
2501,194324
2502,194332
2503,461008
2504,194410
2505,461016
2506,194479
2507,95103
2508,61076
2509,194554
2510,60950
2511,447526
2512,194568
2513,95144
2514,194576
2515,95207
2516,431913
2517,461074
2518,447579
2519,461085
2520,461087
2521,61142
2522,462026
2523,351175
2524,199375
2525,426257
2526,448706
2527,199401
2528,199513
2529,199550
2530,199574
2531,97513
2532,448739
2533,97516
2534,462069
2535,351274
2536,199629
2537,426283
2538,199707
2539,199768
2540,448791
2541,454077
2542,222113
2543,439458
2544,46307
2545,446732
2546,250979
2547,250980
2548,222328
2549,222380
2550,454151
2551,222457
2552,108424
2553,471366
2554,121888
2555,222586
2556,222594
2557,222710
2558,251115
2559,222779
2560,222780
2561,51153
2562,446790
2563,466567
2564,222984
2565,69772
2566,223052
2567,428839
2568,223234
2569,251358
2570,108790
2571,223345
2572,108816
2573,108829
2574,108852
2575,351378
2576,351387
2577,462128
2578,62669
2579,199917
2580,199942
2581,448844
2582,433412
2583,433415
2584,200030
2585,433416
2586,433418
2587,351454
2588,200075
2589,200100
2590,200170
2591,200171
2592,462197
2593,433470
2594,97839
2595,433471
2596,448921
2597,433476
2598,351550
2599,351563
2600,62642
2601,223465
2602,54443
2603,439857
2604,223573
2605,361328
2606,446827
2607,122056
2608,223628
2609,223712
2610,223768
2611,223806
2612,361441
2613,46325
2614,223957
2615,224067
2616,423079
2617,361530
2618,439988
2619,224189
2620,109220
2621,224247
2622,373026
2623,454604
2624,224466
2625,224479
2626,454648
2627,224536
2628,454654
2629,454656
2630,466851
2631,454696
2632,224702
2633,97896
2634,200375
2635,462238
2636,448960
2637,462243
2638,97942
2639,433569
2640,449004
2641,200596
2642,98044
2643,43845
2644,449028
2645,462305
2646,98095
2647,440222
2648,440235
2649,224981
2650,225064
2651,313221
2652,225115
2653,317568
2654,454819
2655,225203
2656,225278
2657,467008
2658,252033
2659,362053
2660,225326
2661,362061
2662,225441
2663,109793
2664,313274
2665,467056
2666,225838
2667,225848
2668,440481
2669,226040
2670,252295
2671,433673
2672,200857
2673,351819
2674,462342
2675,200994
2676,201061
2677,201068
2678,462361
2679,98237
2680,201096
2681,201153
2682,98319
2683,98324
2684,98337
2685,226114
2686,226129
2687,471530
2688,423282
2689,455049
2690,455053
2691,226279
2692,226281
2693,70738
2694,226420
2695,226441
2696,226453
2697,455091
2698,252392
2699,110305
2700,226574
2701,226600
2702,362586
2703,423335
2704,110396
2705,362649
2706,110455
2707,455191
2708,227062
2709,362808
2710,252508
2711,467327
2712,41742
2713,227293
2714,455284
2715,440905
2716,227419
2717,440953
2718,201351
2719,201362
2720,63180
2721,98399
2722,449192
2723,449195
2724,462432
2725,462448
2726,201574
2727,352122
2728,449271
2729,63117
2730,227592
2731,227597
2732,227769
2733,71197
2734,227790
2735,363132
2736,252675
2737,110995
2738,43058
2739,417896
2740,111073
2741,111087
2742,455491
2743,111098
2744,447063
2745,455536
2746,455543
2747,228517
2748,441252
2749,111252
2750,111256
2751,71430
2752,467611
2753,467616
2754,441312
2755,42335
2756,557997
2757,449293
2758,201873
2759,201944
2760,426553
2761,201999
2762,202131
2763,426559
2764,449354
2765,363581
2766,228830
2767,228870
2768,441352
2769,228906
2770,228921
2771,455644
2772,111486
2773,229068
2774,229070
2775,229121
2776,229148
2777,111533
2778,111551
2779,558105
2780,441494
2781,441511
2782,455760
2783,467770
2784,122870
2785,253110
2786,363911
2787,429472
2788,441561
2789,229628
2790,455795
2791,455799
2792,111788
2793,229660
2794,229675
2795,111814
2796,229733
2797,111849
2798,467828
2799,462595
2800,98804
2801,63426
2802,98901
2803,202452
2804,449368
2805,462657
2806,462667
2807,41875
2808,111956
2809,230030
2810,112015
2811,455910
2812,455914
2813,230244
2814,455942
2815,230372
2816,112128
2817,230430
2818,230439
2819,364328
2820,112191
2821,467966
2822,112291
2823,456061
2824,441906
2825,112318
2826,230844
2827,230850
2828,122983
2829,364570
2830,468024
2831,442008
2832,231071
2833,231076
2834,231082
2835,449475
2836,462688
2837,434178
2838,99044
2839,202596
2840,434183
2841,449489
2842,202613
2843,202725
2844,434233
2845,202775
2846,434239
2847,449545
2848,202840
2849,202849
2850,99183
2851,456144
2852,468063
2853,632214
2854,456170
2855,456181
2856,468087
2857,112576
2858,231386
2859,231450
2860,460677
2861,442124
2862,44159
2863,456235
2864,456239
2865,442141
2866,72268
2867,112694
2868,418258
2869,468153
2870,112725
2871,231682
2872,231703
2873,442179
2874,231761
2875,231804
2876,112798
2877,231866
2878,442227
2879,112834
2880,253546
2881,231986
2882,456346
2883,232041
2884,365076
2885,365094
2886,112952
2887,434302
2888,449600
2889,462792
2890,203014
2891,63690
2892,434346
2893,415294
2894,434409
2895,203262
2896,99372
2897,462863
2898,203341
2899,426735
2900,203365
2901,352927
2902,113041
2903,232396
2904,232403
2905,113079
2906,232454
2907,232480
2908,232481
2909,113107
2910,456476
2911,456477
2912,232514
2913,232533
2914,232592
2915,232622
2916,113197
2917,232686
2918,442475
2919,232759
2920,232783
2921,232854
2922,456580
2923,365451
2924,468407
2925,365482
2926,233042
2927,233096
2928,233188
2929,460698
2930,99444
2931,462900
2932,99476
2933,462927
2934,449760
2935,203537
2936,449776
2937,72710
2938,113463
2939,113474
2940,233302
2941,113493
2942,233367
2943,456681
2944,233394
2945,233419
2946,468481
2947,113557
2948,442673
2949,233528
2950,442686
2951,72760
2952,456729
2953,113633
2954,233650
2955,233722
2956,442753
2957,468544
2958,113743
2959,113752
2960,434617
2961,64052
2962,203804
2963,434635
2964,463001
2965,203870
2966,463011
2967,203929
2968,434678
2969,99790
2970,234033
2971,456815
2972,468577
2973,468587
2974,456840
2975,521952
2976,113875
2977,113897
2978,442828
2979,234312
2980,456875
2981,234361
2982,468627
2983,456899
2984,234519
2985,234582
2986,234589
2987,449953
2988,99873
2989,204226
2990,99888
2991,99901
2992,204262
2993,204288
2994,449985
2995,204323
2996,463115
2997,434798
2998,99973
2999,99975
3000,434812
3001,234874
3002,234947
3003,442977
3004,443063
3005,235363
3006,415539
3007,463196
3008,204772
3009,204812
3010,204822
3011,204837
3012,204846
3013,463210
3014,463214
3015,114511
3016,235574
3017,457128
3018,114548
3019,457154
3020,114611
3021,457182
3022,114666
3023,366650
3024,114689
3025,463239
3026,463252
3027,434962
3028,205103
3029,205111
3030,205202
3031,435006
3032,205279
3033,114803
3034,457254
3035,236193
3036,443316
3037,114918
3038,457301
3039,457313
3040,443398
3041,236675
3042,205326
3043,100482
3044,427008
3045,450279
3046,205633
3047,353960
3048,427029
3049,115127
3050,115140
3051,443451
3052,236954
3053,457398
3054,237031
3055,443487
3056,435146
3057,354054
3058,205869
3059,450371
3060,435194
3061,100722
3062,100738
3063,463447
3064,237434
3065,237469
3066,237489
3067,237615
3068,73870
3069,443621
3070,443624
3071,237697
3072,237708
3073,367352
3074,457558
3075,115608
3076,443695
3077,254653
3078,206121
3079,54345
3080,206170
3081,206254
3082,206255
3083,463474
3084,450456
3085,421426
3086,450486
3087,427087
3088,238108
3089,367547
3090,115769
3091,115782
3092,238256
3093,115813
3094,238329
3095,115838
3096,463509
3097,64876
3098,206554
3099,206592
3100,463555
3101,435421
3102,435432
3103,206752
3104,206815
3105,367667
3106,41077
3107,424447
3108,115965
3109,557982
3110,367742
3111,115981
3112,238755
3113,116051
3114,116069
3115,238905
3116,469384
3117,443922
3118,116103
3119,238963
3120,206956
3121,450657
3122,427170
3123,463630
3124,101278
3125,116162
3126,239073
3127,239132
3128,469439
3129,367927
3130,116341
3131,457974
3132,239501
3133,469508
3134,457996
3135,239583
3136,239750
3137,116540
3138,458083
3139,444211
3140,194988
3141,194995
3142,60760
3143,195080
3144,195091
3145,95402
3146,195165
3147,195166
3148,95428
3149,447678
3150,432054
3151,195215
3152,95460
3153,195240
3154,447697
3155,420320
3156,349563
3157,95508
3158,195350
3159,95525
3160,447730
3161,447739
3162,349605
3163,447753
3164,195452
3165,195457
3166,447766
3167,461199
3168,195542
3169,195552
3170,447801
3171,195620
3172,461217
3173,349693
3174,95690
3175,95707
3176,95730
3177,349742
3178,240052
3179,116627
3180,469622
3181,444253
3182,368354
3183,458188
3184,450694
3185,450705
3186,207330
3187,415770
3188,450719
3189,65105
3190,463686
3191,207406
3192,207452
3193,463700
3194,56342
3195,458207
3196,240569
3197,240589
3198,116885
3199,240792
3200,444386
3201,117017
3202,101488
3203,101509
3204,207660
3205,207692
3206,463748
3207,101543
3208,207811
3209,450840
3210,240956
3211,241148
3212,444453
3213,74898
3214,241233
3215,117222
3216,368832
3217,241437
3218,315901
3219,368908
3220,241631
3221,241644
3222,463789
3223,435760
3224,450878
3225,208068
3226,208078
3227,208129
3228,101732
3229,435809
3230,419203
3231,450915
3232,310514
3233,463863
3234,101808
3235,208308
3236,208344
3237,427260
3238,208396
3239,41890
3240,208532
3241,435896
3242,208577
3243,208588
3244,242071
3245,242119
3246,75222
3247,444703
3248,316035
3249,470013
3250,208609
3251,421643
3252,56512
3253,451068
3254,435996
3255,208926
3256,458646
3257,369373
3258,117839
3259,242672
3260,117896
3261,208998
3262,209050
3263,436069
3264,209162
3265,209166
3266,102226
3267,451183
3268,209257
3269,242889
3270,117979
3271,118006
3272,242975
3273,243120
3274,243130
3275,118094
3276,118114
3277,414244
3278,369674
3279,445023
3280,355537
3281,209422
3282,209492
3283,102380
3284,430785
3285,445078
3286,458874
3287,243566
3288,458881
3289,118331
3290,470213
3291,118363
3292,243667
3293,95793
3294,196126
3295,349870
3296,196508
3297,196514
3298,350005
3299,196673
3300,96145
3301,96160
3302,451284
3303,209625
3304,436247
3305,451313
3306,118474
3307,458956
3308,243980
3309,243984
3310,369948
3311,244052
3312,244062
3313,458979
3314,210024
3315,102614
3316,210030
3317,451393
3318,451402
3319,102656
3320,451420
3321,355917
3322,445237
3323,244305
3324,445262
3325,459056
3326,75893
3327,75916
3328,102732
3329,421802
3330,464257
3331,210318
3332,210388
3333,210406
3334,436498
3335,464286
3336,210481
3337,102833
3338,244702
3339,459094
3340,118886
3341,244991
3342,425014
3343,245094
3344,245098
3345,245141
3346,66117
3347,310905
3348,421834
3349,210706
3350,451545
3351,210792
3352,451556
3353,464347
3354,445503
3355,445508
3356,356209
3357,436615
3358,451592
3359,119183
3360,245446
3361,316549
3362,558015
3363,451648
3364,211212
3365,211284
3366,436732
3367,211310
3368,436736
3369,427627
3370,356396
3371,459280
3372,459289
3373,370618
3374,470538
3375,103267
3376,211464
3377,211514
3378,103336
3379,436816
3380,416249
3381,211581
3382,211648
3383,445597
3384,445599
3385,445622
3386,459348
3387,246059
3388,246131
3389,470615
3390,470617
3391,246240
3392,96227
3393,448093
3394,196897
3395,196917
3396,432496
3397,51173
3398,448126
3399,432514
3400,197062
3401,197211
3402,96404
3403,197250
3404,461575
3405,197285
3406,448213
3407,461601
3408,432641
3409,197382
3410,461628
3411,432697
3412,461640
3413,197470
3414,96540
3415,420532
3416,432743
3417,197559
3418,197561
3419,426064
3420,558392
3421,461669
3422,448290
3423,631944
3424,461672
3425,432766
3426,197672
3427,432777
3428,436890
3429,356609
3430,211769
3431,211783
3432,211787
3433,451798
3434,119595
3435,470646
3436,212004
3437,436956
3438,521922
3439,437001
3440,212187
3441,632218
3442,445748
3443,451894
3444,311211
3445,212382
3446,437049
3447,212443
3448,53698
3449,76510
3450,212500
3451,212567
3452,557972
3453,212587
3454,356962
3455,451970
3456,212638
3457,459546
3458,246863
3459,66918
3460,437164
3461,422070
3462,437179
3463,452038
3464,212885
3465,212934
3466,212975
3467,464749
3468,247161
3469,119983
3470,470780
3471,76619
3472,452072
3473,213017
3474,104001
3475,213134
3476,437241
3477,104088
3478,213250
3479,464816
3480,213397
3481,104166
3482,104169
3483,357296
3484,247346
3485,247406
3486,247414
3487,357364
3488,422141
3489,247472
3490,213831
3491,213856
3492,213860
3493,357491
3494,549921
3495,247589
3496,357553
3497,214099
3498,214132
3499,214156
3500,631875
3501,67291
3502,214170
3503,104544
3504,446040
3505,371471
3506,452361
3507,437554
3508,214474
3509,214476
3510,214532
3511,247883
3512,247905
3513,214589
3514,214702
3515,104819
3516,428010
3517,446116
3518,120387
3519,248064
3520,214881
3521,104868
3522,214930
3523,465135
3524,371594
3525,248100
3526,120459
3527,215094
3528,215114
3529,465146
3530,215135
3531,215188
3532,358006
3533,358013
3534,215196
3535,215227
3536,465169
3537,215296
3538,465178
3539,215487
3540,105134
3541,452640
3542,215521
3543,215536
3544,446172
3545,446189
3546,215578
3547,358168
3548,105178
3549,215638
3550,215667
3551,465247
3552,215794
3553,248458
3554,215850
3555,311766
3556,215920
3557,215951
3558,452734
3559,215981
3560,437926
3561,105361
3562,459873
3563,465304
3564,105406
3565,79287
3566,437993
3567,216233
3568,248562
3569,248575
3570,371770
3571,248608
3572,105484
3573,438018
3574,438025
3575,216375
3576,216380
3577,216406
3578,416720
3579,465373
3580,452851
3581,248662
3582,120726
3583,432811
3584,448392
3585,198060
3586,96820
3587,96831
3588,198139
3589,96871
3590,461817
3591,216525
3592,216570
3593,452881
3594,358531
3595,358535
3596,438123
3597,358570
3598,311896
3599,216908
3600,465472
3601,216970
3602,120821
3603,465484
3604,217075
3605,358766
3606,459945
3607,120839
3608,446317
3609,248967
3610,217311
3611,438273
3612,453061
3613,106019
3614,217396
3615,106053
3616,217475
3617,453087
3618,438299
3619,453091
3620,217487
3621,40745
3622,106136
3623,372006
3624,68285
3625,106187
3626,217787
3627,438423
3628,249216
3629,416895
3630,438441
3631,217971
3632,106329
3633,106349
3634,106352
3635,422534
3636,218222
3637,359185
3638,453290
3639,218284
3640,218295
3641,121073
3642,77213
3643,106485
3644,218359
3645,438535
3646,106507
3647,438555
3648,453330
3649,218476
3650,218485
3651,106553
3652,106580
3653,446436
3654,198333
3655,350778
3656,432986
3657,432995
3658,448513
3659,448514
3660,97027
3661,198560
3662,426175
3663,433035
3664,97092
3665,414796
3666,198743
3667,448571
3668,359327
3669,218686
3670,218695
3671,218715
3672,218768
3673,121184
3674,460091
3675,218999
3676,106805
3677,453443
3678,106816
3679,359517
3680,249865
3681,219190
3682,219331
3683,249902
3684,557981
3685,121358
3686,453508
3687,106945
3688,106971
3689,107006
3690,465935
3691,453551
3692,107093
3693,219717
3694,219719
3695,372370
3696,438869
3697,219813
3698,68885
3699,453601
3700,219844
3701,219878
3702,219888
3703,219896
3704,438920
3705,219932
3706,453634
3707,453638
3708,250162
3709,107249
3710,220021
3711,466036
3712,438955
3713,220045
3714,453655
3715,359919
3716,433116
3717,198908
3718,198995
3719,448624
3720,448673
3721,97368
3722,220171
3723,220220
3724,68982
3725,220302
3726,439022
3727,220382
3728,453726
3729,220477
3730,220497
3731,220518
3732,453746
3733,439062
3734,107508
3735,59288
3736,220639
3737,220641
3738,220688
3739,453800
3740,453804
3741,453823
3742,453828
3743,220939
3744,439146
3745,221020
3746,360281
3747,221124
3748,221131
3749,221133
3750,221181
3751,439197
3752,453895
3753,439209
3754,69198
3755,372600
3756,221310
3757,453928
3758,466248
3759,453938
3760,107867
3761,107895
3762,439276
3763,466281
3764,221497
3765,360465
3766,221533
3767,221539
3768,77555
3769,107980
3770,221620
3771,108002
3772,221792
3773,221861
3774,108128
3775,44220
3776,454052
3777,221951
3778,221952
3779,439406
3780,372704
