,x
1,193707
2,431682
3,447369
4,193771
5,193776
6,193798
7,193893
8,431715
9,193948
10,94838
11,194005
12,431735
13,420217
14,94876
15,194076
16,60986
17,94945
18,194205
19,194207
20,94965
21,61017
22,94972
23,94977
24,194234
25,447461
26,194260
27,431797
28,631964
29,94995
30,95001
31,194337
32,308227
33,461000
34,61107
35,95103
36,425773
37,60950
38,431884
39,95150
40,194610
41,95174
42,194640
43,447544
44,95190
45,194740
46,194768
47,461085
48,461087
49,431956
50,45750
51,447603
52,60965
53,431977
54,351161
55,97396
56,97438
57,351247
58,199513
59,199510
60,97480
61,97481
62,420729
63,62524
64,97629
65,199803
66,446726
67,221999
68,108180
69,312726
70,222043
71,360691
72,222063
73,222090
74,222114
75,222113
76,417285
77,439475
78,222176
79,59279
80,108250
81,439477
82,41396
83,439478
84,222184
85,222188
86,222190
87,222192
88,312754
89,222199
90,439480
91,439486
92,108266
93,108272
94,222233
95,222234
96,108276
97,454109
98,222249
99,222247
100,454112
101,222253
102,454115
103,417293
104,222263
105,422900
106,222266
107,222267
108,222272
109,222271
110,466417
111,439509
112,360789
113,222283
114,466422
115,439520
116,222333
117,222340
118,108338
119,108376
120,69586
121,222459
122,312801
123,466466
124,439568
125,360896
126,222477
127,222478
128,454184
129,466477
130,454190
131,222515
132,222531
133,121882
134,471366
135,121887
136,222563
137,108460
138,222665
139,222694
140,454243
141,222729
142,222774
143,222780
144,222779
145,108588
146,439681
147,361066
148,79828
149,420005
150,446787
151,446794
152,446809
153,54705
154,77679
155,439707
156,60733
157,108626
158,454304
159,222979
160,222988
161,223000
162,414003
163,422986
164,223026
165,454319
166,361177
167,121997
168,251320
169,251334
170,223115
171,223118
172,466602
173,439774
174,223134
175,108711
176,223135
177,223140
178,466606
179,69852
180,223147
181,417423
182,223163
183,223181
184,466615
185,439779
186,361204
187,223321
188,69924
189,108819
190,454399
191,223383
192,223396
193,361255
194,466659
195,454415
196,108857
197,60239
198,420746
199,351378
200,351375
201,199862
202,462146
203,199994
204,200046
205,62701
206,351475
207,200122
208,462184
209,448890
210,97795
211,309158
212,62679
213,97842
214,62761
215,200297
216,462213
217,97870
218,462214
219,351557
220,200321
221,433495
222,454430
223,454433
224,423031
225,312991
226,108935
227,439880
228,423042
229,108941
230,223644
231,361363
232,417468
233,223661
234,108949
235,47312
236,631929
237,223680
238,223690
239,223707
240,223768
241,43403
242,454484
243,454491
244,223799
245,223798
246,454492
247,70033
248,251475
249,251487
250,460416
251,372968
252,446853
253,372975
254,439942
255,223878
256,223912
257,361495
258,251598
259,109149
260,251618
261,122143
262,70141
263,361612
264,361611
265,224272
266,373026
267,471457
268,313096
269,70177
270,454619
271,224400
272,428968
273,454632
274,224437
275,224435
276,446920
277,70246
278,440099
279,224518
280,224520
281,428982
282,454656
283,440119
284,440113
285,471473
286,224653
287,122255
288,200366
289,448946
290,200375
291,53528
292,97941
293,448985
294,97994
295,200584
296,433595
297,433598
298,200616
299,449016
300,200654
301,200696
302,462293
303,200722
304,433645
305,420848
306,200819
307,109526
308,361883
309,440222
310,361914
311,460475
312,251888
313,440250
314,225015
315,440259
316,70323
317,109605
318,225078
319,109609
320,466980
321,446942
322,251931
323,251960
324,251961
325,122318
326,225160
327,225233
328,225268
329,460498
330,122357
331,122361
332,225325
333,252098
334,252099
335,252101
336,225473
337,225488
338,313274
339,225493
340,454889
341,109813
342,70490
343,109829
344,362165
345,252134
346,362182
347,225688
348,225687
349,362191
350,467074
351,225699
352,225701
353,225709
354,60186
355,109919
356,52508
357,70565
358,454943
359,77912
360,252153
361,252154
362,225933
363,110008
364,225939
365,440477
366,225994
367,225993
368,110035
369,226022
370,200832
371,449069
372,433678
373,433689
374,351838
375,98189
376,201011
377,98199
378,351851
379,201024
380,201067
381,201068
382,98237
383,433711
384,201102
385,433718
386,201165
387,433750
388,62996
389,110082
390,110081
391,110111
392,226228
393,440539
394,226459
395,252377
396,252392
397,226526
398,70818
399,110315
400,467226
401,362575
402,110349
403,226650
404,467234
405,110364
406,122556
407,455141
408,226722
409,226738
410,455151
411,226774
412,440692
413,226780
414,362649
415,252428
416,471548
417,110455
418,110478
419,110492
420,362735
421,226937
422,227000
423,110524
424,110523
425,440779
426,227027
427,362787
428,227084
429,252508
430,423383
431,440839
432,467327
433,440884
434,227277
435,110687
436,440922
437,362970
438,227396
439,467381
440,455309
441,227427
442,227438
443,227442
444,455316
445,227451
446,440938
447,440947
448,440948
449,227462
450,423428
451,440950
452,440953
453,71095
454,455326
455,110761
456,227478
457,227479
458,440958
459,227485
460,227496
461,309350
462,98349
463,98351
464,201324
465,201325
466,449171
467,449178
468,449181
469,201402
470,201398
471,201399
472,201406
473,98399
474,201530
475,201581
476,201586
477,98528
478,352122
479,98533
480,201677
481,201680
482,433869
483,557984
484,201689
485,227525
486,441004
487,110869
488,227725
489,373341
490,363109
491,363154
492,227868
493,227936
494,455442
495,363223
496,53460
497,441099
498,228023
499,228077
500,111040
501,441119
502,228127
503,111067
504,228225
505,363321
506,111116
507,52859
508,441174
509,111126
510,56719
511,111129
512,111137
513,441178
514,111138
515,252780
516,122725
517,111164
518,228365
519,363369
520,111194
521,228463
522,111210
523,58003
524,111223
525,71357
526,111234
527,441246
528,363433
529,467595
530,228568
531,363453
532,58975
533,122765
534,111272
535,228639
536,201779
537,46551
538,462501
539,449279
540,98619
541,98671
542,201997
543,433971
544,202045
545,202044
546,55395
547,202049
548,352297
549,202055
550,202056
551,98713
552,202059
553,63309
554,98715
555,352298
556,202074
557,352299
558,462569
559,63257
560,63314
561,202096
562,202100
563,415154
564,449345
565,98742
566,59784
567,441323
568,363562
569,228753
570,228762
571,71444
572,41925
573,228764
574,71435
575,228784
576,111367
577,71449
578,363571
579,228801
580,111379
581,111381
582,228817
583,441330
584,228819
585,429362
586,228823
587,71457
588,111411
589,228883
590,441372
591,252970
592,252978
593,228967
594,363634
595,228972
596,228990
597,558179
598,48524
599,441396
600,441398
601,229054
602,414070
603,229080
604,229123
605,111522
606,111521
607,441468
608,229256
609,111589
610,467717
611,111596
612,455715
613,229298
614,111634
615,54726
616,229363
617,363818
618,229392
619,229422
620,229484
621,48949
622,467765
623,313977
624,455768
625,441542
626,229546
627,229544
628,229545
629,111736
630,229561
631,363892
632,314013
633,229733
634,455818
635,253153
636,229844
637,111909
638,364065
639,455860
640,229918
641,467836
642,364076
643,98778
644,202418
645,202471
646,434115
647,434127
648,434138
649,230039
650,111973
651,230216
652,230217
653,230218
654,455934
655,230285
656,441741
657,112111
658,230341
659,230394
660,112162
661,230481
662,230499
663,230518
664,230575
665,230577
666,230590
667,456031
668,230713
669,122975
670,230761
671,230770
672,456063
673,230791
674,230824
675,456074
676,230880
677,112369
678,50076
679,530367
680,441991
681,231037
682,202496
683,202495
684,434154
685,202580
686,434277
687,99191
688,99192
689,112472
690,231170
691,373523
692,373522
693,231254
694,52594
695,442061
696,231290
697,231302
698,72186
699,231386
700,442087
701,72196
702,314308
703,442110
704,112633
705,231484
706,468126
707,231530
708,442172
709,364910
710,231785
711,231789
712,468171
713,468178
714,112791
715,442221
716,231926
717,231933
718,112840
719,112845
720,231940
721,442238
722,456336
723,231982
724,232052
725,112905
726,232063
727,365068
728,112914
729,365071
730,456362
731,314429
732,232077
733,468237
734,365088
735,232175
736,232178
737,468248
738,468247
739,232228
740,442315
741,232232
742,253606
743,99203
744,99204
745,202946
746,434298
747,202966
748,202968
749,99221
750,63623
751,63754
752,203022
753,434324
754,434325
755,203075
756,203094
757,462816
758,55357
759,203148
760,434371
761,63685
762,449653
763,309669
764,203218
765,99373
766,434435
767,352918
768,203346
769,314459
770,46705
771,442334
772,442345
773,232363
774,113054
775,113053
776,232396
777,442353
778,314475
779,113069
780,456446
781,442361
782,232472
783,365317
784,232608
785,442456
786,72570
787,468343
788,113240
789,232783
790,232819
791,44317
792,456566
793,232891
794,72646
795,456579
796,468407
797,233006
798,113347
799,233026
800,468412
801,233028
802,442547
803,113377
804,233069
805,113385
806,113386
807,434451
808,434461
809,434478
810,63835
811,203537
812,462939
813,353073
814,203660
815,203661
816,99615
817,309766
818,99621
819,72710
820,233264
821,233304
822,442614
823,47624
824,468480
825,468481
826,233436
827,460699
828,113556
829,365736
830,468509
831,233696
832,233700
833,233723
834,456752
835,233728
836,233729
837,233732
838,442728
839,456754
840,558383
841,233773
842,233788
843,233789
844,456769
845,429889
846,113702
847,365837
848,468537
849,233809
850,233810
851,442753
852,233886
853,442760
854,233898
855,233966
856,468562
857,424058
858,253956
859,58171
860,99665
861,99672
862,434622
863,99682
864,463001
865,434637
866,203909
867,99733
868,449859
869,203957
870,434661
871,46702
872,203984
873,204032
874,463050
875,204049
876,204096
877,204100
878,434717
879,113864
880,442812
881,314778
882,72922
883,234416
884,442878
885,234422
886,366073
887,456895
888,468641
889,114028
890,114042
891,314817
892,442903
893,234580
894,424111
895,468673
896,254048
897,123290
898,442928
899,442929
900,114133
901,73036
902,114153
903,449951
904,204198
905,64104
906,449962
907,434753
908,426881
909,204288
910,353425
911,353423
912,64146
913,99955
914,434798
915,204384
916,99973
917,99975
918,204393
919,64064
920,450011
921,450016
922,204422
923,204424
924,353495
925,100000
926,64218
927,100004
928,450022
929,204455
930,50064
931,100025
932,64224
933,204493
934,463142
935,426917
936,434832
937,58004
938,309909
939,59853
940,450032
941,558319
942,204516
943,366235
944,460714
945,468725
946,442988
947,457010
948,235048
949,235047
950,442993
951,235054
952,442999
953,457015
954,73160
955,430018
956,114302
957,443003
958,443019
959,424157
960,73174
961,235093
962,235097
963,235099
964,235108
965,235119
966,49277
967,73163
968,457045
969,457058
970,235196
971,235194
972,47771
973,73204
974,235277
975,100056
976,204546
977,56864
978,204745
979,434886
980,100158
981,204748
982,204750
983,204752
984,353638
985,434920
986,463217
987,204888
988,204894
989,235468
990,235469
991,114489
992,235476
993,73269
994,235478
995,468829
996,424199
997,443171
998,114611
999,114656
1000,235940
1001,468895
1002,463239
1003,463240
1004,205013
1005,205022
1006,205021
1007,463245
1008,463246
1009,100285
1010,205103
1011,205118
1012,205120
1013,64434
1014,205249
1015,450221
1016,205253
1017,205252
1018,56843
1019,73401
1020,468902
1021,457226
1022,443263
1023,79616
1024,443269
1025,236128
1026,366755
1027,114838
1028,468927
1029,236295
1030,443325
1031,236345
1032,443334
1033,114890
1034,236466
1035,114940
1036,236471
1037,468958
1038,114949
1039,114959
1040,443369
1041,114964
1042,236515
1043,114969
1044,457314
1045,114995
1046,468977
1047,236593
1048,366928
1049,236637
1050,236639
1051,236638
1052,205377
1053,205393
1054,205394
1055,353871
1056,64566
1057,205414
1058,205415
1059,353880
1060,44801
1061,450270
1062,64505
1063,463335
1064,353888
1065,205453
1066,205456
1067,100491
1068,205459
1069,310078
1070,427003
1071,205471
1072,205469
1073,463348
1074,100530
1075,415611
1076,55989
1077,450295
1078,205549
1079,353919
1080,205555
1081,64530
1082,463352
1083,50082
1084,64600
1085,205561
1086,100548
1087,450300
1088,205573
1089,435108
1090,100604
1091,205684
1092,353976
1093,353986
1094,43354
1095,457347
1096,457349
1097,236745
1098,236751
1099,236752
1100,457350
1101,236760
1102,115078
1103,115083
1104,469008
1105,457355
1106,115086
1107,236781
1108,366983
1109,366984
1110,236785
1111,558154
1112,236787
1113,443432
1114,443435
1115,457359
1116,236798
1117,115104
1118,236822
1119,457372
1120,430155
1121,457375
1122,367011
1123,469024
1124,236859
1125,115120
1126,115121
1127,315176
1128,236897
1129,73623
1130,236915
1131,236957
1132,443462
1133,73655
1134,367094
1135,443485
1136,237239
1137,237240
1138,367150
1139,457456
1140,237246
1141,115294
1142,469086
1143,315231
1144,367168
1145,115308
1146,43826
1147,237274
1148,48350
1149,115314
1150,457462
1151,237284
1152,367173
1153,237285
1154,115320
1155,457464
1156,237294
1157,469093
1158,237298
1159,49264
1160,367197
1161,237338
1162,469103
1163,367212
1164,205739
1165,51711
1166,354021
1167,100648
1168,205770
1169,205771
1170,205802
1171,205801
1172,56960
1173,205807
1174,450354
1175,421393
1176,450384
1177,60133
1178,206076
1179,206075
1180,100788
1181,457481
1182,237489
1183,457516
1184,115438
1185,367295
1186,430242
1187,443621
1188,237665
1189,367332
1190,457556
1191,115516
1192,315318
1193,237799
1194,237798
1195,237801
1196,115570
1197,237820
1198,237819
1199,237836
1200,237845
1201,73936
1202,469199
1203,457592
1204,73959
1205,450428
1206,354185
1207,206138
1208,463466
1209,415674
1210,206258
1211,450461
1212,206279
1213,43539
1214,310203
1215,421417
1216,206303
1217,206301
1218,206317
1219,354267
1220,354272
1221,206332
1222,443739
1223,115704
1224,238136
1225,115729
1226,457661
1227,367547
1228,115753
1229,457672
1230,115782
1231,457684
1232,115794
1233,254699
1234,238276
1235,74068
1236,443795
1237,443806
1238,443805
1239,238379
1240,457718
1241,435371
1242,435394
1243,354411
1244,450542
1245,435400
1246,206657
1247,435408
1248,413829
1249,435435
1250,206789
1251,435448
1252,206827
1253,206826
1254,206831
1255,64898
1256,435460
1257,74095
1258,558112
1259,115918
1260,457761
1261,238582
1262,115948
1263,443869
1264,443893
1265,238675
1266,238699
1267,115992
1268,469367
1269,469368
1270,367775
1271,238807
1272,424460
1273,116051
1274,457829
1275,238909
1276,238910
1277,443922
1278,457843
1279,206853
1280,435466
1281,101132
1282,206883
1283,206916
1284,450620
1285,435483
1286,206942
1287,450621
1288,101216
1289,450684
1290,101287
1291,354652
1292,457874
1293,367885
1294,239155
1295,457907
1296,457922
1297,239335
1298,116298
1299,239338
1300,239408
1301,54852
1302,469494
1303,239482
1304,444084
1305,239543
1306,56404
1307,239610
1308,239611
1309,239705
1310,239707
1311,444143
1312,444167
1313,368192
1314,430429
1315,239869
1316,469568
1317,239891
1318,239898
1319,239918
1320,48742
1321,431981
1322,194955
1323,61298
1324,95349
1325,54101
1326,195012
1327,447631
1328,195038
1329,195064
1330,195068
1331,195122
1332,447671
1333,447680
1334,447685
1335,195215
1336,447716
1337,432080
1338,432083
1339,60230
1340,461181
1341,461183
1342,195439
1343,432110
1344,461189
1345,432111
1346,61414
1347,195457
1348,195460
1349,447755
1350,349621
1351,195465
1352,95583
1353,195474
1354,632166
1355,195492
1356,195491
1357,95592
1358,432120
1359,195530
1360,95626
1361,195620
1362,195769
1363,447845
1364,195779
1365,447849
1366,447857
1367,432202
1368,195816
1369,195843
1370,368295
1371,116624
1372,116627
1373,116652
1374,240135
1375,240174
1376,444244
1377,116679
1378,458132
1379,458131
1380,469617
1381,240212
1382,116687
1383,240286
1384,240307
1385,240326
1386,116744
1387,240358
1388,116795
1389,469654
1390,240443
1391,354657
1392,65118
1393,450691
1394,207260
1395,207272
1396,450701
1397,435579
1398,207299
1399,207303
1400,354689
1401,207305
1402,207316
1403,450707
1404,65184
1405,435601
1406,101368
1407,207368
1408,463681
1409,207376
1410,450724
1411,435603
1412,65157
1413,207387
1414,207407
1415,207424
1416,207456
1417,207461
1418,354743
1419,101420
1420,101419
1421,435629
1422,207470
1423,207472
1424,56363
1425,65124
1426,450754
1427,207478
1428,463707
1429,56342
1430,207483
1431,463708
1432,207485
1433,207490
1434,44988
1435,207527
1436,354761
1437,207530
1438,240570
1439,469686
1440,240669
1441,368528
1442,469722
1443,469732
1444,240795
1445,290046
1446,55105
1447,240834
1448,444385
1449,444386
1450,101464
1451,207554
1452,207566
1453,207573
1454,207595
1455,56636
1456,435655
1457,207625
1458,354790
1459,101506
1460,354807
1461,207673
1462,53056
1463,207688
1464,435675
1465,435689
1466,207782
1467,315812
1468,240956
1469,447232
1470,469784
1471,241075
1472,368703
1473,368734
1474,241203
1475,117222
1476,117223
1477,241292
1478,241296
1479,424681
1480,241316
1481,368802
1482,241354
1483,241355
1484,241372
1485,241371
1486,241379
1487,255300
1488,241612
1489,368933
1490,207893
1491,65343
1492,207896
1493,435729
1494,415810
1495,101666
1496,450881
1497,208069
1498,101700
1499,435786
1500,208095
1501,101736
1502,101753
1503,241678
1504,368968
1505,368977
1506,241750
1507,241751
1508,458498
1509,241796
1510,241795
1511,117464
1512,241800
1513,75110
1514,241833
1515,241835
1516,469924
1517,469932
1518,117535
1519,241952
1520,450912
1521,463859
1522,435840
1523,450960
1524,450965
1525,208556
1526,369099
1527,117583
1528,117585
1529,242139
1530,469965
1531,444702
1532,444704
1533,369188
1534,369186
1535,469993
1536,242299
1537,369223
1538,242350
1539,242354
1540,117742
1541,242422
1542,242423
1543,101938
1544,208607
1545,310574
1546,463936
1547,435923
1548,435924
1549,208774
1550,355272
1551,435971
1552,102035
1553,435978
1554,208814
1555,208887
1556,208884
1557,117813
1558,242622
1559,242625
1560,242653
1561,444846
1562,458688
1563,117918
1564,242759
1565,242809
1566,458706
1567,242812
1568,102111
1569,463997
1570,102113
1571,436035
1572,355371
1573,436042
1574,208990
1575,208989
1576,208992
1577,208991
1578,209006
1579,209010
1580,436057
1581,436059
1582,65576
1583,209061
1584,209079
1585,451168
1586,209250
1587,242839
1588,470076
1589,75442
1590,242851
1591,242945
1592,75464
1593,243065
1594,444965
1595,243158
1596,255709
1597,470135
1598,118128
1599,369646
1600,243215
1601,316202
1602,243253
1603,458810
1604,419321
1605,458814
1606,243334
1607,470162
1608,458823
1609,243338
1610,243359
1611,458828
1612,243378
1613,369742
1614,243473
1615,209316
1616,209325
1617,436135
1618,209326
1619,43598
1620,209369
1621,355546
1622,355575
1623,209479
1624,102345
1625,102357
1626,102382
1627,102390
1628,102405
1629,430785
1630,75635
1631,470207
1632,243606
1633,631939
1634,243656
1635,118369
1636,243674
1637,243700
1638,470224
1639,458919
1640,243775
1641,195896
1642,195910
1643,195959
1644,95812
1645,447903
1646,95823
1647,432240
1648,349801
1649,196070
1650,349824
1651,349825
1652,461310
1653,196102
1654,196104
1655,196105
1656,349830
1657,432263
1658,196110
1659,196111
1660,196115
1661,196116
1662,447930
1663,349838
1664,349842
1665,432268
1666,196146
1667,461330
1668,196181
1669,447943
1670,349855
1671,461339
1672,432280
1673,420385
1674,61612
1675,56545
1676,95941
1677,196240
1678,432288
1679,447955
1680,631910
1681,447961
1682,349880
1683,447962
1684,196282
1685,196284
1686,196288
1687,95967
1688,308518
1689,196299
1690,196305
1691,61587
1692,196321
1693,432332
1694,196361
1695,308528
1696,447984
1697,53580
1698,196369
1699,447986
1700,196370
1701,425928
1702,461383
1703,196409
1704,196411
1705,447996
1706,448004
1707,432355
1708,196456
1709,448007
1710,61485
1711,461401
1712,196463
1713,349963
1714,196473
1715,196475
1716,196477
1717,196476
1718,96054
1719,196504
1720,196517
1721,632044
1722,448023
1723,96077
1724,196523
1725,349990
1726,448025
1727,196539
1728,448030
1729,196547
1730,61491
1731,196574
1732,196575
1733,61679
1734,196576
1735,196593
1736,420425
1737,350015
1738,196600
1739,96119
1740,461445
1741,196668
1742,196666
1743,96168
1744,209706
1745,436273
1746,451310
1747,102463
1748,355722
1749,209731
1750,436278
1751,355724
1752,60131
1753,355736
1754,209753
1755,209757
1756,209761
1757,464146
1758,451325
1759,209805
1760,209810
1761,464156
1762,59827
1763,451333
1764,102516
1765,209826
1766,355761
1767,209831
1768,209830
1769,209854
1770,436330
1771,436337
1772,65826
1773,436342
1774,355795
1775,436346
1776,458939
1777,458940
1778,445177
1779,118474
1780,458953
1781,243941
1782,369957
1783,65938
1784,102590
1785,102676
1786,210175
1787,79209
1788,244118
1789,118610
1790,459007
1791,445242
1792,118644
1793,244264
1794,244295
1795,118700
1796,118758
1797,445311
1798,370161
1799,45116
1800,47717
1801,244594
1802,244596
1803,244597
1804,244606
1805,75916
1806,118830
1807,445316
1808,459080
1809,370191
1810,355964
1811,102732
1812,58696
1813,210382
1814,436483
1815,102784
1816,102783
1817,416083
1818,464273
1819,464278
1820,436498
1821,464283
1822,459094
1823,118858
1824,244855
1825,244865
1826,244917
1827,445381
1828,244930
1829,370316
1830,244987
1831,244991
1832,459149
1833,245075
1834,459165
1835,245131
1836,102855
1837,436522
1838,356091
1839,210609
1840,57591
1841,310913
1842,210674
1843,210682
1844,210712
1845,210753
1846,356170
1847,210825
1848,210828
1849,245213
1850,245212
1851,119116
1852,119137
1853,470467
1854,445497
1855,459227
1856,102994
1857,102996
1858,102995
1859,464350
1860,210918
1861,421858
1862,210941
1863,464376
1864,451592
1865,210955
1866,436626
1867,451602
1868,103101
1869,211064
1870,436686
1871,211114
1872,436693
1873,459230
1874,76167
1875,356337
1876,211177
1877,421892
1878,211196
1879,103230
1880,421905
1881,119283
1882,119284
1883,119289
1884,245663
1885,459280
1886,459279
1887,245694
1888,245706
1889,459293
1890,119314
1891,245743
1892,256395
1893,245813
1894,470552
1895,211506
1896,66449
1897,436794
1898,211514
1899,416249
1900,464491
1901,464495
1902,119413
1903,445636
1904,445679
1905,246159
1906,459396
1907,119531
1908,370847
1909,370859
1910,445701
1911,445707
1912,445708
1913,246258
1914,445710
1915,196825
1916,196826
1917,196824
1918,448086
1919,196853
1920,420448
1921,308626
1922,196982
1923,196983
1924,432519
1925,197039
1926,432530
1927,197089
1928,96331
1929,58995
1930,197108
1931,197125
1932,47120
1933,432551
1934,96351
1935,426015
1936,197138
1937,350240
1938,448163
1939,461548
1940,197156
1941,197163
1942,350249
1943,448169
1944,96376
1945,197185
1946,96386
1947,197216
1948,197215
1949,55855
1950,96456
1951,197344
1952,432687
1953,461628
1954,197433
1955,96516
1956,350414
1957,96551
1958,448274
1959,197537
1960,197561
1961,461661
1962,197566
1963,197569
1964,432747
1965,426064
1966,96579
1967,461669
1968,631944
1969,197591
1970,350470
1971,448297
1972,96595
1973,211694
1974,55824
1975,103401
1976,436840
1977,416264
1978,451812
1979,436925
1980,66465
1981,464571
1982,445713
1983,246302
1984,470646
1985,211963
1986,103549
1987,356724
1988,521922
1989,356726
1990,66568
1991,436974
1992,212104
1993,436986
1994,212107
1995,451868
1996,459485
1997,246588
1998,103624
1999,451891
2000,212280
2001,356837
2002,103655
2003,212305
2004,212319
2005,212318
2006,212326
2007,103671
2008,103689
2009,451916
2010,212375
2011,103709
2012,212439
2013,212443
2014,212450
2015,66707
2016,66660
2017,464657
2018,437063
2019,212477
2020,76488
2021,246668
2022,246712
2023,76516
2024,246792
2025,470712
2026,212538
2027,212572
2028,451959
2029,437101
2030,212609
2031,212610
2032,103815
2033,58889
2034,451967
2035,437102
2036,451978
2037,451981
2038,451982
2039,212663
2040,451984
2041,437118
2042,212678
2043,356998
2044,58525
2045,437125
2046,437128
2047,212707
2048,437131
2049,212706
2050,437132
2051,459535
2052,445835
2053,445842
2054,246903
2055,371140
2056,445882
2057,51431
2058,371164
2059,76583
2060,437153
2061,103905
2062,357080
2063,212884
2064,212937
2065,431142
2066,445914
2067,445915
2068,470771
2069,445917
2070,247161
2071,46498
2072,247181
2073,459620
2074,464758
2075,104010
2076,357142
2077,104030
2078,464769
2079,213082
2080,213196
2081,213197
2082,311357
2083,464796
2084,78601
2085,357216
2086,452148
2087,357255
2088,104135
2089,311377
2090,213408
2091,213423
2092,452162
2093,67011
2094,247346
2095,76689
2096,247414
2097,120096
2098,120102
2099,76702
2100,104211
2101,427895
2102,213543
2103,104217
2104,213581
2105,213580
2106,67095
2107,67124
2108,104267
2109,213646
2110,213644
2111,452207
2112,437363
2113,213664
2114,213674
2115,213677
2116,104285
2117,437368
2118,213680
2119,452214
2120,213684
2121,104294
2122,67066
2123,67072
2124,213701
2125,422145
2126,464871
2127,104301
2128,104304
2129,213724
2130,213726
2131,416502
2132,213732
2133,213731
2134,52545
2135,55040
2136,213749
2137,67092
2138,437392
2139,67126
2140,437396
2141,437398
2142,213759
2143,437402
2144,452240
2145,104340
2146,213790
2147,213812
2148,357467
2149,213815
2150,213822
2151,464891
2152,357469
2153,213826
2154,104358
2155,213837
2156,464895
2157,213842
2158,213841
2159,213843
2160,213844
2161,213860
2162,427944
2163,213863
2164,213865
2165,213868
2166,452262
2167,437424
2168,104391
2169,213894
2170,213897
2171,213895
2172,104397
2173,104396
2174,357487
2175,437430
2176,104415
2177,213941
2178,213942
2179,213945
2180,357499
2181,213954
2182,67182
2183,67249
2184,311470
2185,41159
2186,44733
2187,464916
2188,104448
2189,214048
2190,214050
2191,247605
2192,76744
2193,247629
2194,247654
2195,76754
2196,247655
2197,214065
2198,214067
2199,214068
2200,357553
2201,437460
2202,437462
2203,452303
2204,67291
2205,452317
2206,214235
2207,437519
2208,214254
2209,452341
2210,104569
2211,464972
2212,104571
2213,437539
2214,357682
2215,446067
2216,470892
2217,51701
2218,437568
2219,214437
2220,59540
2221,465041
2222,437590
2223,120338
2224,214636
2225,357793
2226,60204
2227,67391
2228,214665
2229,214769
2230,214768
2231,357868
2232,247989
2233,104861
2234,437675
2235,104868
2236,214912
2237,214930
2238,214940
2239,311641
2240,437716
2241,104921
2242,465131
2243,41601
2244,470932
2245,120447
2246,120452
2247,459808
2248,120459
2249,459809
2250,215189
2251,358013
2252,358030
2253,465161
2254,215232
2255,215234
2256,452572
2257,446157
2258,248266
2259,465182
2260,67580
2261,437779
2262,105053
2263,215343
2264,311691
2265,452602
2266,215347
2267,215355
2268,105062
2269,248361
2270,60190
2271,311724
2272,215633
2273,215642
2274,452669
2275,215683
2276,215700
2277,465247
2278,215766
2279,452696
2280,215787
2281,358226
2282,105254
2283,105255
2284,248389
2285,215842
2286,105271
2287,358249
2288,105335
2289,216006
2290,67751
2291,248526
2292,470997
2293,56459
2294,248550
2295,358320
2296,452749
2297,437959
2298,437964
2299,452764
2300,216105
2301,465318
2302,105407
2303,452770
2304,465321
2305,216129
2306,105409
2307,452772
2308,437981
2309,358368
2310,216146
2311,216152
2312,452776
2313,437992
2314,216221
2315,465339
2316,452792
2317,216240
2318,105459
2319,105460
2320,446237
2321,446245
2322,248597
2323,248598
2324,120687
2325,248640
2326,216330
2327,105503
2328,438025
2329,416720
2330,438067
2331,105575
2332,120725
2333,120726
2334,448328
2335,197741
2336,461715
2337,448337
2338,461722
2339,631867
2340,197785
2341,350559
2342,41038
2343,308781
2344,432820
2345,197803
2346,432834
2347,197821
2348,197822
2349,197825
2350,432837
2351,58336
2352,197835
2353,350586
2354,57078
2355,197840
2356,432846
2357,96710
2358,350596
2359,448361
2360,432853
2361,197873
2362,197879
2363,350606
2364,432859
2365,350610
2366,461747
2367,96729
2368,96731
2369,197899
2370,197902
2371,197905
2372,96733
2373,197906
2374,197915
2375,197921
2376,197925
2377,448376
2378,197930
2379,448380
2380,197941
2381,448381
2382,448382
2383,197950
2384,197951
2385,197957
2386,58282
2387,197960
2388,432875
2389,432883
2390,54282
2391,461764
2392,432887
2393,96764
2394,197976
2395,308811
2396,96767
2397,350646
2398,59426
2399,96772
2400,96773
2401,197998
2402,197996
2403,96775
2404,432890
2405,96780
2406,198004
2407,461772
2408,198013
2409,198014
2410,198023
2411,432893
2412,96790
2413,350660
2414,350663
2415,461778
2416,448399
2417,56347
2418,198043
2419,198051
2420,62169
2421,198060
2422,461785
2423,96809
2424,198075
2425,432901
2426,350674
2427,96819
2428,198092
2429,432907
2430,198099
2431,432908
2432,461796
2433,198111
2434,198112
2435,198113
2436,96836
2437,62112
2438,198128
2439,432921
2440,448423
2441,198142
2442,198143
2443,62046
2444,198156
2445,448426
2446,198160
2447,198165
2448,96857
2449,350699
2450,198173
2451,198178
2452,198177
2453,198179
2454,96865
2455,432925
2456,198190
2457,96871
2458,461812
2459,632072
2460,448439
2461,198230
2462,198231
2463,62132
2464,461817
2465,350717
2466,198240
2467,558121
2468,358492
2469,452870
2470,358510
2471,105639
2472,105638
2473,438119
2474,358547
2475,216670
2476,216669
2477,216695
2478,438133
2479,216732
2480,216731
2481,358584
2482,216744
2483,248753
2484,471030
2485,358604
2486,216799
2487,438156
2488,216801
2489,68047
2490,105721
2491,216826
2492,438161
2493,216839
2494,105736
2495,465455
2496,428183
2497,452946
2498,438171
2499,438173
2500,216877
2501,105756
2502,55159
2503,67997
2504,358642
2505,358643
2506,452954
2507,438180
2508,452958
2509,216902
2510,48639
2511,216904
2512,51703
2513,216910
2514,216911
2515,105775
2516,216913
2517,58476
2518,105777
2519,311921
2520,465472
2521,216938
2522,216941
2523,105788
2524,416776
2525,216947
2526,438194
2527,105794
2528,416786
2529,216954
2530,67983
2531,105797
2532,105798
2533,452969
2534,68020
2535,452970
2536,358685
2537,216976
2538,216979
2539,428205
2540,216982
2541,438199
2542,216984
2543,216985
2544,216987
2545,248876
2546,459932
2547,248890
2548,459937
2549,446309
2550,248918
2551,248933
2552,105827
2553,452978
2554,217035
2555,105845
2556,217049
2557,217051
2558,217052
2559,47307
2560,105849
2561,558132
2562,452985
2563,358739
2564,438229
2565,358741
2566,217074
2567,358744
2568,217091
2569,217106
2570,217147
2571,217148
2572,358760
2573,358761
2574,217155
2575,217164
2576,217165
2577,416815
2578,68109
2579,60225
2580,77097
2581,248955
2582,446317
2583,68133
2584,217219
2585,453015
2586,217224
2587,438250
2588,217229
2589,465531
2590,453046
2591,217370
2592,120876
2593,120894
2594,438292
2595,358863
2596,438321
2597,438318
2598,438333
2599,106105
2600,438339
2601,453148
2602,217630
2603,249145
2604,371997
2605,446370
2606,358943
2607,217648
2608,217649
2609,358957
2610,68302
2611,217821
2612,460004
2613,217958
2614,359097
2615,217959
2616,359099
2617,465696
2618,438462
2619,218087
2620,249314
2621,121037
2622,460033
2623,121060
2624,249421
2625,317194
2626,460037
2627,218135
2628,106400
2629,52429
2630,471129
2631,249478
2632,218385
2633,68547
2634,218399
2635,218443
2636,218445
2637,106536
2638,68526
2639,218475
2640,218477
2641,58346
2642,218485
2643,106557
2644,56174
2645,218503
2646,106570
2647,218525
2648,218530
2649,106575
2650,438587
2651,249590
2652,60285
2653,198278
2654,44743
2655,461826
2656,198292
2657,198295
2658,448455
2659,198322
2660,198437
2661,62198
2662,97014
2663,198605
2664,448542
2665,198668
2666,198669
2667,62253
2668,198717
2669,453370
2670,218713
2671,218745
2672,359390
2673,59978
2674,438654
2675,218860
2676,106724
2677,218906
2678,438657
2679,249755
2680,258838
2681,219013
2682,219046
2683,79321
2684,359515
2685,219135
2686,219138
2687,249832
2688,249856
2689,460117
2690,219177
2691,219248
2692,53301
2693,219278
2694,438736
2695,219308
2696,249961
2697,249981
2698,471211
2699,121349
2700,372335
2701,460145
2702,250014
2703,219381
2704,453504
2705,219454
2706,106985
2707,219480
2708,453525
2709,438793
2710,250065
2711,121386
2712,250080
2713,250081
2714,121387
2715,250082
2716,438806
2717,219573
2718,107040
2719,359713
2720,219605
2721,465958
2722,45786
2723,219680
2724,417071
2725,438850
2726,219747
2727,219746
2728,453596
2729,219816
2730,219815
2731,219861
2732,422697
2733,453612
2734,438902
2735,219888
2736,219899
2737,438907
2738,219908
2739,219914
2740,466014
2741,68889
2742,219926
2743,219928
2744,219940
2745,219950
2746,250179
2747,121438
2748,312411
2749,422706
2750,68943
2751,453650
2752,220026
2753,107259
2754,220063
2755,68953
2756,107292
2757,107314
2758,250246
2759,97165
2760,448586
2761,448601
2762,62379
2763,199030
2764,426234
2765,199126
2766,62384
2767,199185
2768,448662
2769,448666
2770,97347
2771,466071
2772,359976
2773,250310
2774,107458
2775,107468
2776,453743
2777,77459
2778,250407
2779,220641
2780,631908
2781,453780
2782,69109
2783,453786
2784,220771
2785,220772
2786,107611
2787,439129
2788,360200
2789,220865
2790,220872
2791,419956
2792,417169
2793,417170
2794,107658
2795,453832
2796,558356
2797,453845
2798,69133
2799,221054
2800,221074
2801,422784
2802,453869
2803,45214
2804,50125
2805,446652
2806,439176
2807,221105
2808,107728
2809,360287
2810,107734
2811,221135
2812,360345
2813,221257
2814,250583
2815,44883
2816,121644
2817,121662
2818,221297
2819,107869
2820,439244
2821,221423
2822,372625
2823,259727
2824,453963
2825,69275
2826,221598
2827,360495
2828,372652
2829,77555
2830,121722
2831,250754
2832,107979
2833,69316
2834,221631
2835,439324
2836,428651
2837,221637
2838,360511
2839,221641
2840,360512
2841,466309
2842,108000
2843,108002
2844,631893
2845,221658
2846,439335
2847,439338
2848,221672
2849,439350
2850,108024
2851,221703
2852,466319
2853,54168
2854,69373
2855,466320
2856,360557
2857,221723
2858,69322
2859,108038
2860,221734
2861,466323
2862,439359
2863,221748
2864,221746
2865,108048
2866,439363
2867,221755
2868,221753
2869,312679
2870,221759
2871,108057
2872,439366
2873,422850
2874,49848
2875,221769
2876,108063
2877,69310
2878,413981
2879,372689
2880,439379
2881,221854
2882,417267
2883,69416
2884,221952
2885,439403
2886,250858
2887,60882
2888,460907
2889,94761
2890,193806
2891,447378
2892,193830
2893,193831
2894,94790
2895,193852
2896,61042
2897,193862
2898,193900
2899,193966
2900,193981
2901,193982
2902,193983
2903,431720
2904,447404
2905,194002
2906,425734
2907,431754
2908,94896
2909,194122
2910,460972
2911,194249
2912,194310
2913,58494
2914,95046
2915,447491
2916,194433
2917,194461
2918,194478
2919,95096
2920,447507
2921,414385
2922,349311
2923,194512
2924,194550
2925,461041
2926,194555
2927,194577
2928,349365
2929,95214
2930,194765
2931,194783
2932,447576
2933,420280
2934,447585
2935,194849
2936,194855
2937,447612
2938,194928
2939,431974
2940,199336
2941,46715
2942,448702
2943,199379
2944,631914
2945,309033
2946,351238
2947,199512
2948,199545
2949,199577
2950,199576
2951,199585
2952,97524
2953,199615
2954,462076
2955,62452
2956,414890
2957,351332
2958,199717
2959,351344
2960,199769
2961,250938
2962,360687
2963,108210
2964,222093
2965,46307
2966,250980
2967,250979
2968,460324
2969,108270
2970,466407
2971,222304
2972,454126
2973,222305
2974,222335
2975,222339
2976,251025
2977,251030
2978,439526
2979,454141
2980,454145
2981,417313
2982,108366
2983,454161
2984,222458
2985,44270
2986,251060
2987,69643
2988,108503
2989,222699
2990,222778
2991,222835
2992,361041
2993,108568
2994,108619
2995,108627
2996,222984
2997,69773
2998,454325
2999,223053
3000,439758
3001,460378
3002,521937
3003,69885
3004,223144
3005,312920
3006,454354
3007,428839
3008,223170
3009,223206
3010,251357
3011,223313
3012,454392
3013,108828
3014,223423
3015,439830
3016,199861
3017,62669
3018,448817
3019,199941
3020,462145
3021,200025
3022,200030
3023,200071
3024,433430
3025,200099
3026,200108
3027,200171
3028,97839
3029,200252
3030,200255
3031,200254
3032,200259
3033,200267
3034,351550
3035,433486
3036,223483
3037,361296
3038,69946
3039,454432
3040,439862
3041,223586
3042,223612
3043,122051
3044,454458
3045,223662
3046,46490
3047,223713
3048,47954
3049,460414
3050,446857
3051,466735
3052,417514
3053,439964
3054,109061
3055,109093
3056,223975
3057,223976
3058,223989
3059,224019
3060,224061
3061,417522
3062,471443
3063,454556
3064,361541
3065,224125
3066,224175
3067,440021
3068,361588
3069,440025
3070,224247
3071,122172
3072,440051
3073,466800
3074,109255
3075,224320
3076,454608
3077,224387
3078,440072
3079,361697
3080,224579
3081,109374
3082,361748
3083,70220
3084,440152
3085,224694
3086,454696
3087,466878
3088,224799
3089,224817
3090,448934
3091,433502
3092,200410
3093,97937
3094,97958
3095,426375
3096,200531
3097,97981
3098,449012
3099,59431
3100,200731
3101,98079
3102,433653
3103,449059
3104,415010
3105,109490
3106,440223
3107,109556
3108,440235
3109,225017
3110,466958
3111,225045
3112,440267
3113,70361
3114,109601
3115,454797
3116,440270
3117,109630
3118,55836
3119,225172
3120,466989
3121,122356
3122,252045
3123,252050
3124,252051
3125,440345
3126,109794
3127,109812
3128,423224
3129,58702
3130,225574
3131,225594
3132,225630
3133,467072
3134,362186
3135,362196
3136,225786
3137,429118
3138,225846
3139,454975
3140,225916
3141,54133
3142,362284
3143,252216
3144,467112
3145,226039
3146,440491
3147,467127
3148,200885
3149,462330
3150,98147
3151,98149
3152,98170
3153,201010
3154,433697
3155,449096
3156,62920
3157,98220
3158,98230
3159,201087
3160,433712
3161,449121
3162,98264
3163,63005
3164,58735
3165,415031
3166,98282
3167,420891
3168,449154
3169,426446
3170,201294
3171,362331
3172,226078
3173,110080
3174,429145
3175,423282
3176,362439
3177,226280
3178,226281
3179,226346
3180,226365
3181,423304
3182,57474
3183,110249
3184,423307
3185,110255
3186,362514
3187,226444
3188,226449
3189,455097
3190,440617
3191,226492
3192,447018
3193,110301
3194,226573
3195,110328
3196,226600
3197,70903
3198,70895
3199,226708
3200,110392
3201,362639
3202,226749
3203,558114
3204,440728
3205,110461
3206,226912
3207,414045
3208,110527
3209,440789
3210,227107
3211,440811
3212,110584
3213,440832
3214,362848
3215,362861
3216,362945
3217,227348
3218,252603
3219,201345
3220,98364
3221,433779
3222,201388
3223,201408
3224,352007
3225,63084
3226,201444
3227,201463
3228,449214
3229,352052
3230,433823
3231,201571
3232,449234
3233,462486
3234,98563
3235,449273
3236,227593
3237,227596
3238,440981
3239,467421
3240,252633
3241,79465
3242,227701
3243,423445
3244,441011
3245,227767
3246,71210
3247,227791
3248,227827
3249,363132
3250,71181
3251,455418
3252,227946
3253,227984
3254,57456
3255,455441
3256,53566
3257,455448
3258,228046
3259,228049
3260,111047
3261,455470
3262,228110
3263,441127
3264,111073
3265,455483
3266,111090
3267,455496
3268,252746
3269,441167
3270,228220
3271,111105
3272,228381
3273,455536
3274,441206
3275,228419
3276,441227
3277,228447
3278,111219
3279,111255
3280,441276
3281,455594
3282,60191
3283,201844
3284,201846
3285,201849
3286,98617
3287,98648
3288,201922
3289,433940
3290,462542
3291,59608
3292,201998
3293,462567
3294,352314
3295,202167
3296,202166
3297,441344
3298,48607
3299,228857
3300,441352
3301,228873
3302,229035
3303,521932
3304,229049
3305,47827
3306,467679
3307,441439
3308,229151
3309,229160
3310,229198
3311,229266
3312,71649
3313,43184
3314,229455
3315,313965
3316,253089
3317,229503
3318,229505
3319,455762
3320,229509
3321,111756
3322,229598
3323,441563
3324,441567
3325,229650
3326,229658
3327,111788
3328,229660
3329,229663
3330,229661
3331,58863
3332,455814
3333,229773
3334,229798
3335,111853
3336,364026
3337,429491
3338,467819
3339,229866
3340,111899
3341,423676
3342,98776
3343,415168
3344,352341
3345,462595
3346,98829
3347,434059
3348,98874
3349,202409
3350,309512
3351,434089
3352,63394
3353,449448
3354,63398
3355,46225
3356,48232
3357,98960
3358,56457
3359,423678
3360,253215
3361,230166
3362,122925
3363,455925
3364,364204
3365,230260
3366,455942
3367,455947
3368,112129
3369,441754
3370,467912
3371,230405
3372,230423
3373,455974
3374,441766
3375,429539
3376,364328
3377,112194
3378,364345
3379,364346
3380,441853
3381,631954
3382,456055
3383,314175
3384,112289
3385,230762
3386,429577
3387,230776
3388,456065
3389,467996
3390,112387
3391,441978
3392,230973
3393,631925
3394,72089
3395,231055
3396,231058
3397,112443
3398,231060
3399,231069
3400,231071
3401,99009
3402,462681
3403,202534
3404,63582
3405,99017
3406,202572
3407,449481
3408,202581
3409,202596
3410,99044
3411,202621
3412,352603
3413,434201
3414,449530
3415,462728
3416,99115
3417,202774
3418,202776
3419,202880
3420,352701
3421,462765
3422,462777
3423,99202
3424,231166
3425,364686
3426,72124
3427,231258
3428,456188
3429,54819
3430,231461
3431,442127
3432,44159
3433,231492
3434,112672
3435,442142
3436,364864
3437,364867
3438,231584
3439,456253
3440,364886
3441,231623
3442,468143
3443,456273
3444,314354
3445,231729
3446,231881
3447,231967
3448,468204
3449,231989
3450,456339
3451,232006
3452,423887
3453,365066
3454,253596
3455,253594
3456,442290
3457,365113
3458,434302
3459,99225
3460,203025
3461,99284
3462,449637
3463,203108
3464,449644
3465,449661
3466,434397
3467,203256
3468,462848
3469,203262
3470,434425
3471,426730
3472,449695
3473,449697
3474,203366
3475,423904
3476,112997
3477,442322
3478,232271
3479,468265
3480,253625
3481,253628
3482,232357
3483,442342
3484,232366
3485,232402
3486,113078
3487,232451
3488,365236
3489,123118
3490,442407
3491,113107
3492,232513
3493,456485
3494,442451
3495,232592
3496,232633
3497,232632
3498,365358
3499,113237
3500,232784
3501,40958
3502,113295
3503,456586
3504,442539
3505,456617
3506,113376
3507,314596
3508,233096
3509,113409
3510,57249
3511,72672
3512,233138
3513,113433
3514,233201
3515,462889
3516,99455
3517,41514
3518,434496
3519,63841
3520,631895
3521,353025
3522,462926
3523,203522
3524,99547
3525,203536
3526,449765
3527,203580
3528,309748
3529,203604
3530,203616
3531,203618
3532,203659
3533,113463
3534,47669
3535,72721
3536,233332
3537,233338
3538,113511
3539,456692
3540,468491
3541,442684
3542,233542
3543,233581
3544,233619
3545,456734
3546,468513
3547,233657
3548,365795
3549,113732
3550,468548
3551,233947
3552,233949
3553,365875
3554,365892
3555,99645
3556,203738
3557,203737
3558,203771
3559,203769
3560,99704
3561,415433
3562,203978
3563,434683
3564,434687
3565,204071
3566,426857
3567,204072
3568,99823
3569,113825
3570,113869
3571,113868
3572,442824
3573,468608
3574,234296
3575,113973
3576,234401
3577,234425
3578,234445
3579,442890
3580,234498
3581,234504
3582,456906
3583,468650
3584,456910
3585,468687
3586,463070
3587,204201
3588,42963
3589,204242
3590,64122
3591,449971
3592,449972
3593,204270
3594,204268
3595,353426
3596,204322
3597,204365
3598,204392
3599,463138
3600,309902
3601,424133
3602,114215
3603,73086
3604,366230
3605,234921
3606,234948
3607,234946
3608,58777
3609,235010
3610,235011
3611,235080
3612,114347
3613,235169
3614,235180
3615,366369
3616,235244
3617,114399
3618,235283
3619,114421
3620,366423
3621,45068
3622,100066
3623,100128
3624,100131
3625,100138
3626,204718
3627,434885
3628,204765
3629,204763
3630,434903
3631,47413
3632,434921
3633,463218
3634,434925
3635,235453
3636,114505
3637,235547
3638,457127
3639,114534
3640,235616
3641,366578
3642,114592
3643,366582
3644,235730
3645,235740
3646,235751
3647,366595
3648,235855
3649,235876
3650,114718
3651,414165
3652,204955
3653,204958
3654,421297
3655,450146
3656,434951
3657,415574
3658,310007
3659,100321
3660,353765
3661,463266
3662,48757
3663,450199
3664,435003
3665,443254
3666,236151
3667,457242
3668,236172
3669,114814
3670,457254
3671,114819
3672,236313
3673,236383
3674,236410
3675,236522
3676,114989
3677,457326
3678,236603
3679,64535
3680,205341
3681,205436
3682,205441
3683,205442
3684,55070
3685,46005
3686,100504
3687,205489
3688,205491
3689,64565
3690,353914
3691,100527
3692,100526
3693,100546
3694,205607
3695,205631
3696,64651
3697,435104
3698,443447
3699,236911
3700,236956
3701,443469
3702,237101
3703,237108
3704,237194
3705,237196
3706,443504
3707,237304
3708,237302
3709,237336
3710,443540
3711,435143
3712,450347
3713,205805
3714,205817
3715,100672
3716,64725
3717,435201
3718,237434
3719,443567
3720,237534
3721,73861
3722,115477
3723,115493
3724,237681
3725,469159
3726,237696
3727,237705
3728,237703
3729,443640
3730,457554
3731,115519
3732,469170
3733,430252
3734,115524
3735,469181
3736,443668
3737,237822
3738,237821
3739,457586
3740,237905
3741,47692
3742,435245
3743,206168
3744,450438
3745,435258
3746,206255
3747,206328
3748,100901
3749,100902
3750,206360
3751,44855
3752,427087
3753,450487
3754,450495
3755,53741
3756,367482
3757,443743
3758,115723
3759,457695
3760,115816
3761,457710
3762,367632
3763,115842
3764,206521
3765,100973
3766,206553
3767,310261
3768,435379
3769,206593
3770,435383
3771,450554
3772,435422
3773,463557
3774,206767
3775,435452
3776,421478
3777,469307
3778,54889
3779,238464
3780,238461
3781,74124
3782,457739
3783,238562
3784,74181
3785,115942
3786,115941
3787,443890
3788,238613
3789,238636
3790,74188
3791,238677
3792,115982
3793,238689
3794,457795
3795,115988
3796,238697
3797,238756
3798,116024
3799,116069
3800,238895
3801,238906
3802,101141
3803,631945
3804,56428
3805,207152
3806,65029
3807,64963
3808,367856
3809,367858
3810,59118
3811,116205
3812,239179
3813,116225
3814,424489
3815,239204
3816,444000
3817,424494
3818,457927
3819,457943
3820,239374
3821,469470
3822,424513
3823,74373
3824,239458
3825,239479
3826,444073
3827,239499
3828,116378
3829,458003
3830,239587
3831,418961
3832,116435
3833,444106
3834,239708
3835,424548
3836,116490
3837,239784
3838,458065
3839,116525
3840,632232
3841,239889
3842,444210
3843,461121
3844,95333
3845,194988
3846,447628
3847,195092
3848,432033
3849,195138
3850,447664
3851,432045
3852,432051
3853,95441
3854,447695
3855,447696
3856,61267
3857,47969
3858,59963
3859,195264
3860,195284
3861,48827
3862,61365
3863,447715
3864,95502
3865,349575
3866,195349
3867,95543
3868,195452
3869,447753
3870,432118
3871,308404
3872,349640
3873,447796
3874,61275
3875,95683
3876,461229
3877,95701
3878,195733
3879,461250
3880,195821
3881,116638
3882,240185
3883,458134
3884,458141
3885,116766
3886,458178
3887,240471
3888,240473
3889,74645
3890,101294
3891,435578
3892,354688
3893,207399
3894,354732
3895,450743
3896,463700
3897,101448
3898,310410
3899,48421
3900,444314
3901,368475
3902,116858
3903,74696
3904,240637
3905,116937
3906,116938
3907,458259
3908,240725
3909,240836
3910,117016
3911,207700
3912,207699
3913,207698
3914,101543
3915,207741
3916,240955
3917,45743
3918,255247
3919,74890
3920,117151
3921,241187
3922,469809
3923,444486
3924,458398
3925,241374
3926,241408
3927,241418
3928,241542
3929,444561
3930,117344
3931,458444
3932,424701
3933,117348
3934,458457
3935,117381
3936,458469
3937,444587
3938,435741
3939,207980
3940,208022
3941,208021
3942,65334
3943,450888
3944,208111
3945,101732
3946,450896
3947,101766
3948,208218
3949,444594
3950,368999
3951,117465
3952,458509
3953,315975
3954,450916
3955,435813
3956,435815
3957,355058
3958,208421
3959,355136
3960,65378
3961,355146
3962,242044
3963,458559
3964,242151
3965,242161
3966,242175
3967,242176
3968,117700
3969,242283
3970,117715
3971,242366
3972,242384
3973,444768
3974,451000
3975,435922
3976,355230
3977,57650
3978,208716
3979,102004
3980,451041
3981,208852
3982,102092
3983,42916
3984,451093
3985,558366
3986,242658
3987,242673
3988,458691
3989,444864
3990,208997
3991,208999
3992,436066
3993,65618
3994,415931
3995,209131
3996,102200
3997,209163
3998,102214
3999,355460
4000,451182
4001,242884
4002,117984
4003,444899
4004,75451
4005,242970
4006,242975
4007,458739
4008,45569
4009,458777
4010,458780
4011,451197
4012,451208
4013,355545
4014,209379
4015,209393
4016,436167
4017,436179
4018,436180
4019,209487
4020,451250
4021,415987
4022,209540
4023,209543
4024,209544
4025,436198
4026,209599
4027,118282
4028,58748
4029,445089
4030,369789
4031,369791
4032,458879
4033,470219
4034,445104
4035,118367
4036,445108
4037,445112
4038,243690
4039,243787
4040,445154
4041,432290
4042,61467
4043,96041
4044,196450
4045,196507
4046,196537
4047,432389
4048,196590
4049,196591
4050,432397
4051,196674
4052,196687
4053,196695
4054,420435
4055,96154
4056,448072
4057,196819
4058,209648
4059,451293
4060,209663
4061,209670
4062,436284
4063,310752
4064,355734
4065,243824
4066,75738
4067,458958
4068,244028
4069,445207
4070,445212
4071,244073
4072,209982
4073,355839
4074,210028
4075,65934
4076,464205
4077,46436
4078,102656
4079,102655
4080,210114
4081,210140
4082,210154
4083,355910
4084,451418
4085,355917
4086,244155
4087,316356
4088,118625
4089,445246
4090,459022
4091,244373
4092,244377
4093,244453
4094,445291
4095,244519
4096,459060
4097,244573
4098,445308
4099,210292
4100,210306
4101,464264
4102,102803
4103,210460
4104,436500
4105,46659
4106,464286
4107,210482
4108,45000
4109,464292
4110,445376
4111,47921
4112,44132
4113,119049
4114,245141
4115,102870
4116,102868
4117,210596
4118,356100
4119,45905
4120,210626
4121,436548
4122,436550
4123,102904
4124,210788
4125,66097
4126,210815
4127,445443
4128,119121
4129,245407
4130,245409
4131,459228
4132,210920
4133,316549
4134,245602
4135,44322
4136,57422
4137,211211
4138,211253
4139,211255
4140,211386
4141,470522
4142,370599
4143,445555
4144,245754
4145,245775
4146,445570
4147,416224
4148,451706
4149,356426
4150,436781
4151,52888
4152,436813
4153,211558
4154,103357
4155,211623
4156,211649
4157,245980
4158,470587
4159,246058
4160,246103
4161,461488
4162,96235
4163,196949
4164,432514
4165,57891
4166,448144
4167,197063
4168,432534
4169,448150
4170,96342
4171,197129
4172,432555
4173,197249
4174,350278
4175,197286
4176,432614
4177,448203
4178,197310
4179,461590
4180,448219
4181,197358
4182,432658
4183,197408
4184,55449
4185,432680
4186,350397
4187,350401
4188,197470
4189,461647
4190,197506
4191,432719
4192,197520
4193,197559
4194,197557
4195,432743
4196,432744
4197,96582
4198,448290
4199,432761
4200,461681
4201,197644
4202,197647
4203,432779
4204,103406
4205,356550
4206,356545
4207,103422
4208,211741
4209,48599
4210,356609
4211,436896
4212,211802
4213,103456
4214,211817
4215,451817
4216,103495
4217,211894
4218,103498
4219,211919
4220,445724
4221,119631
4222,246400
4223,459443
4224,212002
4225,66624
4226,311172
4227,451876
4228,246507
4229,212247
4230,212255
4231,212313
4232,311211
4233,212380
4234,437049
4235,437052
4236,464651
4237,470700
4238,119784
4239,246768
4240,212499
4241,103758
4242,212524
4243,212522
4244,437134
4245,66758
4246,451999
4247,256813
4248,246966
4249,246965
4250,212793
4251,452038
4252,103952
4253,103951
4254,464745
4255,212988
4256,437212
4257,371199
4258,213016
4259,452073
4260,57988
4261,58133
4262,213291
4263,452140
4264,104156
4265,213396
4266,67023
4267,213457
4268,213460
4269,213459
4270,213479
4271,213481
4272,437306
4273,247375
4274,247379
4275,120079
4276,459662
4277,247422
4278,357339
4279,452212
4280,67058
4281,247499
4282,247569
4283,104334
4284,437405
4285,357480
4286,104417
4287,437436
4288,425245
4289,247602
4290,120229
4291,357554
4292,452296
4293,214098
4294,427966
4295,437477
4296,422188
4297,437476
4298,311504
4299,632047
4300,357632
4301,104544
4302,214236
4303,214256
4304,104572
4305,464977
4306,56623
4307,42928
4308,446071
4309,437547
4310,464996
4311,437557
4312,214389
4313,465005
4314,214474
4315,214477
4316,214475
4317,55595
4318,54864
4319,56270
4320,214559
4321,247906
4322,247904
4323,452421
4324,214575
4325,214585
4326,104739
4327,67408
4328,465064
4329,357801
4330,452447
4331,452473
4332,214820
4333,214819
4334,446116
4335,459779
4336,104836
4337,214878
4338,104859
4339,452494
4340,214923
4341,214931
4342,214982
4343,248100
4344,371594
4345,248136
4346,59883
4347,248163
4348,215074
4349,215075
4350,215076
4351,215114
4352,465146
4353,215130
4354,215136
4355,215176
4356,215187
4357,215195
4358,55650
4359,358042
4360,56659
4361,67559
4362,215284
4363,215295
4364,248198
4365,452613
4366,215403
4367,452618
4368,465203
4369,49359
4370,215549
4371,76939
4372,248330
4373,317023
4374,248328
4375,215577
4376,437876
4377,215793
4378,47186
4379,452707
4380,437897
4381,53832
4382,358258
4383,358262
4384,215883
4385,215884
4386,56915
4387,54649
4388,358286
4389,105325
4390,105354
4391,216011
4392,459870
4393,371739
4394,437943
4395,43546
4396,67786
4397,53405
4398,216151
4399,216156
4400,105441
4401,216212
4402,216215
4403,311819
4404,437999
4405,216276
4406,248576
4407,120660
4408,371770
4409,248578
4410,446255
4411,248617
4412,77040
4413,216406
4414,428142
4415,105556
4416,55834
4417,216481
4418,216511
4419,197702
4420,432785
4421,414703
4422,58904
4423,62039
4424,432817
4425,432826
4426,448353
4427,554357
4428,197838
4429,197980
4430,44365
4431,197994
4432,198018
4433,198017
4434,522049
4435,432905
4436,448418
4437,420596
4438,198145
4439,198171
4440,198180
4441,216524
4442,216589
4443,216644
4444,216646
4445,216661
4446,216724
4447,452909
4448,248784
4449,47636
4450,105723
4451,105753
4452,48571
4453,46750
4454,438222
4455,217037
4456,217103
4457,311953
4458,105874
4459,438240
4460,631951
4461,217195
4462,248968
4463,446324
4464,217240
4465,465541
4466,106009
4467,106012
4468,358846
4469,217395
4470,453065
4471,249104
4472,120908
4473,68202
4474,217451
4475,217452
4476,217453
4477,217455
4478,453087
4479,217475
4480,217522
4481,465583
4482,217521
4483,453113
4484,453114
4485,453125
4486,106136
4487,438357
4488,249149
4489,249152
4490,471094
4491,438361
4492,217672
4493,217685
4494,453165
4495,438387
4496,359016
4497,106230
4498,438412
4499,217836
4500,249189
4501,217912
4502,106321
4503,218054
4504,106349
4505,106352
4506,218063
4507,422537
4508,460036
4509,438508
4510,453290
4511,359185
4512,218280
4513,68433
4514,68427
4515,218294
4516,453296
4517,249440
4518,438537
4519,453322
4520,106528
4521,106529
4522,416955
4523,218452
4524,218463
4525,106542
4526,218490
4527,471145
4528,249575
4529,372159
4530,249574
4531,96903
4532,198275
4533,461834
4534,198397
4535,432997
4536,414777
4537,97003
4538,461868
4539,198499
4540,198504
4541,198514
4542,350863
4543,198544
4544,198552
4545,97030
4546,350878
4547,97097
4548,461918
4549,433073
4550,97115
4551,198742
4552,433079
4553,198745
4554,198749
4555,198780
4556,218686
4557,106643
4558,438627
4559,45035
4560,121184
4561,121183
4562,218933
4563,249673
4564,446459
4565,446462
4566,249744
4567,372218
4568,68676
4569,106817
4570,106819
4571,438697
4572,44023
4573,219148
4574,49766
4575,249850
4576,219170
4577,438719
4578,68749
4579,359599
4580,219295
4581,68706
4582,249903
4583,465913
4584,219450
4585,438790
4586,219539
4587,465973
4588,107114
4589,438861
4590,58435
4591,219726
4592,453591
4593,219802
4594,219812
4595,107169
4596,465996
4597,438899
4598,219897
4599,438920
4600,219944
4601,250158
4602,446571
4603,460178
4604,121450
4605,372435
4606,359879
4607,220020
4608,312425
4609,359915
4610,220102
4611,68908
4612,220150
4613,62320
4614,433116
4615,198909
4616,97208
4617,198978
4618,198992
4619,198995
4620,351039
4621,461968
4622,461970
4623,199026
4624,433209
4625,97369
4626,220170
4627,220171
4628,220172
4629,107349
4630,466072
4631,439010
4632,107392
4633,220359
4634,220361
4635,250318
4636,471257
4637,60166
4638,107448
4639,439062
4640,220523
4641,220527
4642,121524
4643,107506
4644,59327
4645,220628
4646,107557
4647,360159
4648,220773
4649,439122
4650,360192
4651,250512
4652,69148
4653,453828
4654,220934
4655,453848
4656,422778
4657,221070
4658,446656
4659,221114
4660,439181
4661,107768
4662,69206
4663,221254
4664,250628
4665,42215
4666,221293
4667,221308
4668,439236
4669,107858
4670,460273
4671,360414
4672,428627
4673,221497
4674,428642
4675,439283
4676,221533
4677,221608
4678,439321
4679,221620
4680,221729
4681,360572
4682,221774
4683,460288
4684,250819
4685,221829
4686,221927
4687,312703
4688,108142
4689,221950
4690,471332
4691,250862
4692,250863
4693,460305
